出發日期,星期,出發時間,出發時段,出發機場代號,抵達時間,抵達時段,抵達機場代號,航空公司,航空聯盟,停靠站數量,停留時間,飛行時間,是否過夜,機型,機型分類,航班代碼,艙等,平均價格,最低價格,中位數價格,價格變異,最低價格剩餘天數,筆數
2025-01-20,星期一,上午8:20,早晨班機,TPE,下午1:05,下午抵達,SIN,中華航空,2,直達航班。,Non-stop,4 小時 45 分鐘,No,Airbus A350,1,CI 753,經濟艙,8233,5575,6879.0,7311847.04,75,91
2025-01-20,星期一,上午8:45,早晨班機,TPE,下午1:25,下午抵達,SIN,星宇航空,0,直達航班。,Non-stop,4 小時 40 分鐘,No,Airbus A321neo,0,JX 771,經濟艙,10149,6229,10010.0,16957205.2,75,91
2025-01-20,星期一,上午9:35,上午班機,TPE,下午2:30,下午抵達,SIN,長榮航空,1,直達航班。,Non-stop,4 小時 55 分鐘,No,Boeing 777,1,BR 215,經濟艙,9212,6251,9297.0,7054017.76,79,89
2025-01-20,星期一,下午2:10,下午班機,TPE,下午6:55,晚間抵達,SIN,新加坡航空,1,直達航班。,Non-stop,4 小時 45 分鐘,No,Boeing 787,1,SQ 877,經濟艙,12182,9109,10005.0,36015122.21,75,72
2025-01-20,星期一,下午4:10,下午班機,TPE,晚上8:55,晚間抵達,SIN,酷航,4,直達航班。,Non-stop,4 小時 45 分鐘,No,Boeing 787,1,TR 899,經濟艙,7360,4398,6438.0,5049459.5,28,89
2025-01-20,星期一,下午5:35,下午班機,TPE,晚上10:20,晚間抵達,SIN,新加坡航空,1,直達航班。,Non-stop,4 小時 45 分鐘,No,Boeing 787,1,SQ 879,經濟艙,11270,9109,10008.0,6579431.53,75,77
2025-01-20,星期一,凌晨12:20,凌晨班機,TPE,清晨5:05,凌晨抵達,SIN,酷航,4,直達航班。,Non-stop,4 小時 45 分鐘,No,Airbus A321neo,0,TR 875,經濟艙,6543,4398,6438.0,563380.76,28,91
2025-01-20,星期一,凌晨1:30,凌晨班機,TPE,清晨6:15,早晨抵達,SIN,酷航,4,直達航班。,Non-stop,4 小時 45 分鐘,No,Boeing 787,1,TR 897,經濟艙,6433,4398,6438.0,1499856.39,39,91
2025-01-20,星期一,晚上7:55,晚間班機,TPE,"凌晨12:40 (星期二, 1月 21)",凌晨抵達,SIN,中華航空,2,直達航班。,Non-stop,4 小時 45 分鐘,No,Airbus A330,1,CI 755,經濟艙,8268,5173,6774.0,10903329.44,75,91
2025-01-20,星期一,清晨7:25,早晨班機,TPE,中午12:05,下午抵達,SIN,長榮航空,1,直達航班。,Non-stop,4 小時 40 分鐘,No,Boeing 777,1,BR 225,經濟艙,9096,5647,7623.0,8296299.15,76,90
2025-01-21,星期二,上午8:20,早晨班機,TPE,下午1:05,下午抵達,SIN,中華航空,2,直達航班。,Non-stop,4 小時 45 分鐘,No,Airbus A350,1,CI 753,經濟艙,16023,5581,15212.5,32220039.77,90,88
2025-01-21,星期二,上午8:45,早晨班機,TPE,下午1:25,下午抵達,SIN,星宇航空,0,直達航班。,Non-stop,4 小時 40 分鐘,No,Airbus A321neo,0,JX 771,經濟艙,14408,5165,15199.0,4784411.27,90,81
2025-01-21,星期二,上午9:35,上午班機,TPE,下午2:30,下午抵達,SIN,長榮航空,1,直達航班。,Non-stop,4 小時 55 分鐘,No,Boeing 777,1,BR 215,經濟艙,15531,10280,13284.0,31495704.89,80,78
2025-01-21,星期二,下午2:10,下午班機,TPE,下午6:55,晚間抵達,SIN,新加坡航空,1,直達航班。,Non-stop,4 小時 45 分鐘,No,Boeing 787,1,SQ 877,經濟艙,13631,9998,15606.0,5419390.41,91,39
2025-01-21,星期二,下午4:10,下午班機,TPE,晚上8:55,晚間抵達,SIN,酷航,4,直達航班。,Non-stop,4 小時 45 分鐘,No,Boeing 787,1,TR 899,經濟艙,7855,4998,8288.0,658811.6,90,91
2025-01-21,星期二,下午5:35,下午班機,TPE,晚上10:20,晚間抵達,SIN,新加坡航空,1,直達航班。,Non-stop,4 小時 45 分鐘,No,Boeing 787,1,SQ 879,經濟艙,11939,9109,10992.0,7675911.63,76,61
2025-01-21,星期二,凌晨12:20,凌晨班機,TPE,清晨5:05,凌晨抵達,SIN,酷航,4,直達航班。,Non-stop,4 小時 45 分鐘,No,Airbus A321neo,0,TR 875,經濟艙,7086,3798,7288.0,638342.71,90,91
2025-01-21,星期二,凌晨1:30,凌晨班機,TPE,清晨6:15,早晨抵達,SIN,酷航,4,直達航班。,Non-stop,4 小時 45 分鐘,No,Boeing 787,1,TR 897,經濟艙,8172,4398,8288.0,2167075.7,90,91
2025-01-21,星期二,晚上10:20,晚間班機,TPE,"凌晨3:05 (星期三, 1月 22)",凌晨抵達,SIN,酷航,4,直達航班。,Non-stop,4 小時 45 分鐘,No,Boeing 787,1,TR 893,經濟艙,6945,4998,6438.0,555531.75,90,91
2025-01-21,星期二,晚上7:55,晚間班機,TPE,"凌晨12:40 (星期三, 1月 22)",凌晨抵達,SIN,中華航空,2,直達航班。,Non-stop,4 小時 45 分鐘,No,Airbus A330,1,CI 755,經濟艙,9567,5174,9376.0,9806294.87,75,91
2025-01-21,星期二,清晨7:25,早晨班機,TPE,中午12:05,下午抵達,SIN,長榮航空,1,直達航班。,Non-stop,4 小時 40 分鐘,No,Boeing 777,1,BR 225,經濟艙,13155,5651,12656.5,19923639.67,90,80
2025-01-22,星期三,上午8:20,早晨班機,TPE,下午1:05,下午抵達,SIN,中華航空,2,直達航班。,Non-stop,4 小時 45 分鐘,No,Airbus A350,1,CI 753,經濟艙,15884,5583,15183.0,34760429.92,88,79
2025-01-22,星期三,上午8:45,早晨班機,TPE,下午1:25,下午抵達,SIN,星宇航空,0,直達航班。,Non-stop,4 小時 40 分鐘,No,Airbus A321neo,0,JX 771,經濟艙,14790,5166,15203.0,3795065.1,88,68
2025-01-22,星期三,上午9:35,上午班機,TPE,下午2:30,下午抵達,SIN,長榮航空,1,直達航班。,Non-stop,4 小時 55 分鐘,No,Boeing 777,1,BR 215,經濟艙,14083,6257,13487.0,8019047.75,88,57
2025-01-22,星期三,下午4:10,下午班機,TPE,晚上8:55,晚間抵達,SIN,酷航,4,直達航班。,Non-stop,4 小時 45 分鐘,No,Boeing 787,1,TR 899,經濟艙,9249,4398,9588.0,5667953.01,88,86
2025-01-22,星期三,下午5:35,下午班機,TPE,晚上10:20,晚間抵達,SIN,新加坡航空,1,直達航班。,Non-stop,4 小時 45 分鐘,No,Boeing 787,1,SQ 879,經濟艙,17156,8030,15610.0,44177160.28,88,40
2025-01-22,星期三,凌晨12:20,凌晨班機,TPE,清晨5:05,凌晨抵達,SIN,酷航,4,直達航班。,Non-stop,4 小時 45 分鐘,No,Airbus A321neo,0,TR 875,經濟艙,8089,3798,8288.0,1970698.78,88,91
2025-01-22,星期三,凌晨1:30,凌晨班機,TPE,清晨6:15,早晨抵達,SIN,酷航,4,直達航班。,Non-stop,4 小時 45 分鐘,No,Boeing 787,1,TR 897,經濟艙,8395,3798,8288.0,2274591.14,85,89
2025-01-22,星期三,晚上7:55,晚間班機,TPE,"凌晨12:40 (星期四, 1月 23)",凌晨抵達,SIN,中華航空,2,直達航班。,Non-stop,4 小時 45 分鐘,No,Airbus A330,1,CI 755,經濟艙,12722,5181,13333.0,28276732.53,88,80
2025-01-22,星期三,清晨7:25,早晨班機,TPE,中午12:05,下午抵達,SIN,長榮航空,1,直達航班。,Non-stop,4 小時 40 分鐘,No,Boeing 777,1,BR 225,經濟艙,13302,5653,12801.0,6216658.49,88,63
2025-01-23,星期四,上午8:20,早晨班機,TPE,下午1:05,下午抵達,SIN,中華航空,2,直達航班。,Non-stop,4 小時 45 分鐘,No,Airbus A350,1,CI 753,經濟艙,21999,5583,27483.0,51398298.52,86,67
2025-01-23,星期四,上午8:45,早晨班機,TPE,下午1:25,下午抵達,SIN,星宇航空,0,直達航班。,Non-stop,4 小時 40 分鐘,No,Airbus A321neo,0,JX 771,經濟艙,21307,5166,18478.0,71424824.28,86,72
2025-01-23,星期四,上午9:35,上午班機,TPE,下午2:30,下午抵達,SIN,長榮航空,1,直達航班。,Non-stop,4 小時 55 分鐘,No,Boeing 777,1,BR 215,經濟艙,20007,13458,17327.0,43504345.74,78,48
2025-01-23,星期四,下午4:10,下午班機,TPE,晚上8:55,晚間抵達,SIN,酷航,4,直達航班。,Non-stop,4 小時 45 分鐘,No,Boeing 787,1,TR 899,經濟艙,11167,4998,11288.0,9554187.73,86,77
2025-01-23,星期四,凌晨12:20,凌晨班機,TPE,凌晨4:55,凌晨抵達,SIN,酷航,4,直達航班。,Non-stop,4 小時 35 分鐘,No,Airbus A321neo,0,TR 875,經濟艙,10322,4398,11288.0,3457759.04,86,88
2025-01-23,星期四,凌晨1:30,凌晨班機,TPE,清晨6:15,早晨抵達,SIN,酷航,4,直達航班。,Non-stop,4 小時 45 分鐘,No,Boeing 787,1,TR 897,經濟艙,10320,3798,11288.0,3360004.27,86,88
2025-01-23,星期四,晚上10:20,晚間班機,TPE,"凌晨3:05 (星期五, 1月 24)",凌晨抵達,SIN,酷航,4,直達航班。,Non-stop,4 小時 45 分鐘,No,Boeing 787,1,TR 893,經濟艙,10469,4398,11288.0,6271391.51,86,81
2025-01-23,星期四,晚上7:55,晚間班機,TPE,"凌晨12:40 (星期五, 1月 24)",凌晨抵達,SIN,中華航空,2,直達航班。,Non-stop,4 小時 45 分鐘,No,Airbus A330,1,CI 755,經濟艙,19802,6182,18918.0,57615760.59,86,69
2025-01-23,星期四,清晨7:25,早晨班機,TPE,中午12:05,下午抵達,SIN,長榮航空,1,直達航班。,Non-stop,4 小時 40 分鐘,No,Boeing 777,1,BR 225,經濟艙,17334,5653,15471.5,32044704.42,86,56
2025-01-24,星期五,上午8:20,早晨班機,TPE,下午1:05,下午抵達,SIN,中華航空,2,直達航班。,Non-stop,4 小時 45 分鐘,No,Airbus A350,1,CI 753,經濟艙,23070,5583,18609.0,92029475.34,91,47
2025-01-24,星期五,上午8:45,早晨班機,TPE,下午1:25,下午抵達,SIN,星宇航空,0,直達航班。,Non-stop,4 小時 40 分鐘,No,Airbus A321neo,0,JX 771,經濟艙,23604,5166,18552.5,78599883.81,87,40
2025-01-24,星期五,下午4:10,下午班機,TPE,晚上8:55,晚間抵達,SIN,酷航,4,直達航班。,Non-stop,4 小時 45 分鐘,No,Boeing 787,1,TR 899,經濟艙,13558,4998,14288.0,6016524.04,91,55
2025-01-24,星期五,晚上7:55,晚間班機,TPE,"凌晨12:40 (星期六, 1月 25)",凌晨抵達,SIN,中華航空,2,直達航班。,Non-stop,4 小時 45 分鐘,No,Airbus A330,1,CI 755,經濟艙,20339,5181,18605.0,88555755.4,91,54
2025-01-25,星期六,上午8:45,早晨班機,TPE,下午1:25,下午抵達,SIN,星宇航空,0,直達航班。,Non-stop,4 小時 40 分鐘,No,Airbus A321neo,0,JX 771,經濟艙,19261,5166,20434.0,10444474.09,91,38
2025-01-25,星期六,上午9:35,上午班機,TPE,下午2:30,下午抵達,SIN,長榮航空,1,直達航班。,Non-stop,4 小時 55 分鐘,No,Boeing 777,1,BR 215,經濟艙,26694,6257,33304.0,78364343.64,91,42
2025-01-25,星期六,下午4:10,下午班機,TPE,晚上8:55,晚間抵達,SIN,酷航,4,直達航班。,Non-stop,4 小時 45 分鐘,No,Boeing 787,1,TR 899,經濟艙,13426,4398,14288.0,3677114.25,91,71
2025-01-25,星期六,凌晨12:20,凌晨班機,TPE,凌晨4:55,凌晨抵達,SIN,酷航,4,直達航班。,Non-stop,4 小時 35 分鐘,No,Airbus A321neo,0,TR 875,經濟艙,13939,3798,14288.0,3162024.65,91,67
2025-01-25,星期六,凌晨1:30,凌晨班機,TPE,清晨6:15,早晨抵達,SIN,酷航,4,直達航班。,Non-stop,4 小時 45 分鐘,No,Boeing 787,1,TR 897,經濟艙,14288,14288,14288.0,0.0,90,63
2025-01-25,星期六,晚上10:20,晚間班機,TPE,"凌晨3:05 (星期日, 1月 26)",凌晨抵達,SIN,酷航,4,直達航班。,Non-stop,4 小時 45 分鐘,No,Boeing 787,1,TR 893,經濟艙,12866,4998,14288.0,4591084.33,89,72
2025-01-25,星期六,晚上7:55,晚間班機,TPE,"凌晨12:40 (星期日, 1月 26)",凌晨抵達,SIN,中華航空,2,直達航班。,Non-stop,4 小時 45 分鐘,No,Airbus A330,1,CI 755,經濟艙,16188,5181,18716.0,16772338.9,91,72
2025-01-26,星期日,上午8:20,早晨班機,TPE,下午1:05,下午抵達,SIN,中華航空,2,直達航班。,Non-stop,4 小時 45 分鐘,No,Airbus A350,1,CI 753,經濟艙,20680,5583,19038.0,30641744.91,89,57
2025-01-26,星期日,上午8:45,早晨班機,TPE,下午1:25,下午抵達,SIN,星宇航空,0,直達航班。,Non-stop,4 小時 40 分鐘,No,Airbus A321neo,0,JX 771,經濟艙,18585,5166,20184.5,16330953.54,89,80
2025-01-26,星期日,上午9:35,上午班機,TPE,下午2:30,下午抵達,SIN,長榮航空,1,直達航班。,Non-stop,4 小時 55 分鐘,No,Boeing 777,1,BR 215,經濟艙,18116,6915,18711.0,3797502.42,91,58
2025-01-26,星期日,下午4:10,下午班機,TPE,晚上8:55,晚間抵達,SIN,酷航,4,直達航班。,Non-stop,4 小時 45 分鐘,No,Boeing 787,1,TR 899,經濟艙,10356,4998,9588.0,4414051.0,91,86
2025-01-26,星期日,晚上10:20,晚間班機,TPE,"凌晨3:05 (星期一, 1月 27)",凌晨抵達,SIN,酷航,4,直達航班。,Non-stop,4 小時 45 分鐘,No,Boeing 787,1,TR 893,經濟艙,8293,4398,8288.0,3641602.98,89,91
2025-01-26,星期日,晚上7:55,晚間班機,TPE,"凌晨12:40 (星期一, 1月 27)",凌晨抵達,SIN,中華航空,2,直達航班。,Non-stop,4 小時 45 分鐘,No,Airbus A330,1,CI 755,經濟艙,12927,5181,12408.0,13914897.59,91,91
2025-01-26,星期日,清晨7:25,早晨班機,TPE,中午12:05,下午抵達,SIN,長榮航空,1,直達航班。,Non-stop,4 小時 40 分鐘,No,Boeing 777,1,BR 225,經濟艙,18795,5653,18710.0,20674351.55,89,61
2025-01-27,星期一,上午8:20,早晨班機,TPE,下午1:05,下午抵達,SIN,中華航空,2,直達航班。,Non-stop,4 小時 45 分鐘,No,Airbus A350,1,CI 753,經濟艙,15561,5583,16324.0,11290077.3,90,91
2025-01-27,星期一,上午8:45,早晨班機,TPE,下午1:25,下午抵達,SIN,星宇航空,0,直達航班。,Non-stop,4 小時 40 分鐘,No,Airbus A321neo,0,JX 771,經濟艙,14322,5166,14200.0,4083225.39,90,91
2025-01-27,星期一,上午9:35,上午班機,TPE,下午2:30,下午抵達,SIN,長榮航空,1,直達航班。,Non-stop,4 小時 55 分鐘,No,Boeing 777,1,BR 215,經濟艙,15972,6915,15978.0,4809492.15,91,83
2025-01-27,星期一,下午2:10,下午班機,TPE,下午6:55,晚間抵達,SIN,新加坡航空,1,直達航班。,Non-stop,4 小時 45 分鐘,No,Boeing 787,1,SQ 877,經濟艙,15339,9113,15329.0,4106726.43,91,36
2025-01-27,星期一,下午4:10,下午班機,TPE,晚上8:55,晚間抵達,SIN,酷航,4,直達航班。,Non-stop,4 小時 45 分鐘,No,Boeing 787,1,TR 899,經濟艙,7272,4998,7288.0,516480.32,91,91
2025-01-27,星期一,下午5:35,下午班機,TPE,晚上10:20,晚間抵達,SIN,新加坡航空,1,直達航班。,Non-stop,4 小時 45 分鐘,No,Boeing 787,1,SQ 879,經濟艙,19153,9113,17287.0,67116358.27,91,80
2025-01-27,星期一,凌晨12:20,凌晨班機,TPE,清晨5:05,凌晨抵達,SIN,酷航,4,直達航班。,Non-stop,4 小時 45 分鐘,No,Airbus A321neo,0,TR 875,經濟艙,7150,4398,7288.0,916974.48,91,91
2025-01-27,星期一,凌晨1:30,凌晨班機,TPE,清晨6:15,早晨抵達,SIN,酷航,4,直達航班。,Non-stop,4 小時 45 分鐘,No,Boeing 787,1,TR 897,經濟艙,7189,3798,7288.0,1534730.79,90,90
2025-01-27,星期一,晚上7:55,晚間班機,TPE,"凌晨12:40 (星期二, 1月 28)",凌晨抵達,SIN,中華航空,2,直達航班。,Non-stop,4 小時 45 分鐘,No,Airbus A330,1,CI 755,經濟艙,9339,5181,8921.0,2553699.68,91,91
2025-01-27,星期一,清晨7:25,早晨班機,TPE,中午12:05,下午抵達,SIN,長榮航空,1,直達航班。,Non-stop,4 小時 40 分鐘,No,Boeing 777,1,BR 225,經濟艙,14586,5653,15774.0,7579035.51,90,91
2025-01-28,星期二,上午8:20,早晨班機,TPE,下午1:05,下午抵達,SIN,中華航空,2,直達航班。,Non-stop,4 小時 45 分鐘,No,Airbus A350,1,CI 753,經濟艙,12222,5583,11547.0,2311459.62,91,91
2025-01-28,星期二,上午8:45,早晨班機,TPE,下午1:25,下午抵達,SIN,星宇航空,0,直達航班。,Non-stop,4 小時 40 分鐘,No,Airbus A321neo,0,JX 771,經濟艙,11197,5166,10326.0,4345869.78,91,91
2025-01-28,星期二,上午9:35,上午班機,TPE,下午2:30,下午抵達,SIN,長榮航空,1,直達航班。,Non-stop,4 小時 55 分鐘,No,Boeing 777,1,BR 215,經濟艙,10707,8968,10654.0,914591.97,5,91
2025-01-28,星期二,下午2:10,下午班機,TPE,下午6:55,晚間抵達,SIN,新加坡航空,1,直達航班。,Non-stop,4 小時 45 分鐘,No,Boeing 787,1,SQ 877,經濟艙,10664,10585,10599.0,283236.03,83,91
2025-01-28,星期二,下午4:10,下午班機,TPE,晚上8:55,晚間抵達,SIN,酷航,4,直達航班。,Non-stop,4 小時 45 分鐘,No,Boeing 787,1,TR 899,經濟艙,5786,4398,5698.0,697896.7,40,91
2025-01-28,星期二,下午5:35,下午班機,TPE,晚上10:20,晚間抵達,SIN,新加坡航空,1,直達航班。,Non-stop,4 小時 45 分鐘,No,Boeing 787,1,SQ 879,經濟艙,10654,10585,10599.0,275633.46,83,91
2025-01-28,星期二,凌晨12:20,凌晨班機,TPE,清晨5:05,凌晨抵達,SIN,酷航,4,直達航班。,Non-stop,4 小時 45 分鐘,No,Airbus A321neo,0,TR 875,經濟艙,5911,3798,5698.0,1452095.7,90,91
2025-01-28,星期二,凌晨1:30,凌晨班機,TPE,清晨6:15,早晨抵達,SIN,酷航,4,直達航班。,Non-stop,4 小時 45 分鐘,No,Boeing 787,1,TR 897,經濟艙,5685,3798,5698.0,221664.59,91,91
2025-01-28,星期二,晚上10:20,晚間班機,TPE,"凌晨3:05 (星期三, 1月 29)",凌晨抵達,SIN,酷航,4,直達航班。,Non-stop,4 小時 45 分鐘,No,Boeing 787,1,TR 893,經濟艙,4542,3298,4398.0,426257.0,90,91
2025-01-28,星期二,晚上7:55,晚間班機,TPE,"凌晨12:40 (星期三, 1月 29)",凌晨抵達,SIN,中華航空,2,直達航班。,Non-stop,4 小時 45 分鐘,No,Airbus A330,1,CI 755,經濟艙,7818,6182,7879.0,36792.65,91,91
2025-01-28,星期二,清晨7:25,早晨班機,TPE,中午12:05,下午抵達,SIN,長榮航空,1,直達航班。,Non-stop,4 小時 40 分鐘,No,Boeing 777,1,BR 225,經濟艙,10807,5653,10680.0,912082.58,91,91
2025-01-29,星期三,上午8:20,早晨班機,TPE,下午1:05,下午抵達,SIN,中華航空,2,直達航班。,Non-stop,4 小時 45 分鐘,No,Airbus A350,1,CI 753,經濟艙,19082,18411,18998.0,2174265.54,53,91
2025-01-29,星期三,上午8:45,早晨班機,TPE,下午1:25,下午抵達,SIN,星宇航空,0,直達航班。,Non-stop,4 小時 40 分鐘,No,Airbus A321neo,0,JX 771,經濟艙,17437,12277,17858.0,7986561.21,6,91
2025-01-29,星期三,上午9:35,上午班機,TPE,下午2:30,下午抵達,SIN,長榮航空,1,直達航班。,Non-stop,4 小時 55 分鐘,No,Boeing 777,1,BR 215,經濟艙,17438,12849,18429.0,1925054.02,1,91
2025-01-29,星期三,下午2:10,下午班機,TPE,下午6:55,晚間抵達,SIN,新加坡航空,1,直達航班。,Non-stop,4 小時 45 分鐘,No,Boeing 787,1,SQ 877,經濟艙,13925,10602,13448.0,7336828.23,6,91
2025-01-29,星期三,下午4:10,下午班機,TPE,晚上8:55,晚間抵達,SIN,酷航,4,直達航班。,Non-stop,4 小時 45 分鐘,No,Boeing 787,1,TR 899,經濟艙,5828,4998,5698.0,293141.0,91,91
2025-01-29,星期三,下午5:35,下午班機,TPE,晚上10:20,晚間抵達,SIN,新加坡航空,1,直達航班。,Non-stop,4 小時 45 分鐘,No,Boeing 787,1,SQ 879,經濟艙,10776,10585,10603.0,125323.64,84,91
2025-01-29,星期三,凌晨12:20,凌晨班機,TPE,清晨5:05,凌晨抵達,SIN,酷航,4,直達航班。,Non-stop,4 小時 45 分鐘,No,Airbus A321neo,0,TR 875,經濟艙,5477,4398,5698.0,372063.49,41,91
2025-01-29,星期三,凌晨1:30,凌晨班機,TPE,清晨6:15,早晨抵達,SIN,酷航,4,直達航班。,Non-stop,4 小時 45 分鐘,No,Boeing 787,1,TR 897,經濟艙,5661,4398,5698.0,1238231.23,88,91
2025-01-29,星期三,晚上7:55,晚間班機,TPE,"凌晨12:40 (星期四, 1月 30)",凌晨抵達,SIN,中華航空,2,直達航班。,Non-stop,4 小時 45 分鐘,No,Airbus A330,1,CI 755,經濟艙,7961,7669,7882.0,105302.1,53,91
2025-01-29,星期三,清晨7:25,早晨班機,TPE,中午12:05,下午抵達,SIN,長榮航空,1,直達航班。,Non-stop,4 小時 40 分鐘,No,Boeing 777,1,BR 225,經濟艙,16993,12487,18429.0,4494920.98,6,91
2025-01-30,星期四,上午8:20,早晨班機,TPE,下午1:05,下午抵達,SIN,中華航空,2,直達航班。,Non-stop,4 小時 45 分鐘,No,Airbus A350,1,CI 753,經濟艙,12022,10590,11547.0,746134.8,85,91
2025-01-30,星期四,上午8:45,早晨班機,TPE,下午1:25,下午抵達,SIN,星宇航空,0,直達航班。,Non-stop,4 小時 40 分鐘,No,Airbus A321neo,0,JX 771,經濟艙,10236,8395,10324.0,1400292.14,36,91
2025-01-30,星期四,上午9:35,上午班機,TPE,下午2:30,下午抵達,SIN,長榮航空,1,直達航班。,Non-stop,4 小時 55 分鐘,No,Boeing 777,1,BR 215,經濟艙,13927,11129,13559.0,1722591.45,7,91
2025-01-30,星期四,下午2:10,下午班機,TPE,下午6:55,晚間抵達,SIN,新加坡航空,1,直達航班。,Non-stop,4 小時 45 分鐘,No,Boeing 787,1,SQ 877,經濟艙,10599,10585,10599.0,31.44,85,91
2025-01-30,星期四,下午4:10,下午班機,TPE,晚上8:55,晚間抵達,SIN,酷航,4,直達航班。,Non-stop,4 小時 45 分鐘,No,Boeing 787,1,TR 899,經濟艙,6036,4398,5698.0,1452601.32,91,91
2025-01-30,星期四,下午5:35,下午班機,TPE,晚上10:20,晚間抵達,SIN,新加坡航空,1,直達航班。,Non-stop,4 小時 45 分鐘,No,Boeing 787,1,SQ 879,經濟艙,10628,10585,10599.0,25519.0,85,91
2025-01-30,星期四,凌晨1:30,凌晨班機,TPE,清晨6:15,早晨抵達,SIN,酷航,4,直達航班。,Non-stop,4 小時 45 分鐘,No,Boeing 787,1,TR 897,經濟艙,5455,4998,5698.0,206926.3,89,91
2025-01-30,星期四,晚上10:20,晚間班機,TPE,"凌晨3:05 (星期五, 1月 31)",凌晨抵達,SIN,酷航,4,直達航班。,Non-stop,4 小時 45 分鐘,No,Boeing 787,1,TR 893,經濟艙,4575,3298,4398.0,341572.65,86,91
2025-01-30,星期四,晚上7:55,晚間班機,TPE,"凌晨12:40 (星期五, 1月 31)",凌晨抵達,SIN,中華航空,2,直達航班。,Non-stop,4 小時 45 分鐘,No,Airbus A330,1,CI 755,經濟艙,7228,6893,7079.0,161729.94,54,91
2025-01-30,星期四,清晨7:25,早晨班機,TPE,中午12:05,下午抵達,SIN,長榮航空,1,直達航班。,Non-stop,4 小時 40 分鐘,No,Boeing 777,1,BR 225,經濟艙,11103,9587,11215.0,1160253.71,52,91
2025-01-31,星期五,上午8:20,早晨班機,TPE,下午1:05,下午抵達,SIN,中華航空,2,直達航班。,Non-stop,4 小時 45 分鐘,No,Airbus A350,1,CI 753,經濟艙,12662,9351,13210.0,1519319.61,86,91
2025-01-31,星期五,上午8:45,早晨班機,TPE,下午1:25,下午抵達,SIN,星宇航空,0,直達航班。,Non-stop,4 小時 40 分鐘,No,Airbus A321neo,0,JX 771,經濟艙,11226,8795,11323.0,938106.37,86,91
2025-01-31,星期五,上午9:35,上午班機,TPE,下午2:30,下午抵達,SIN,長榮航空,1,直達航班。,Non-stop,4 小時 55 分鐘,No,Boeing 777,1,BR 215,經濟艙,11168,6906,11111.0,2368434.23,86,91
2025-01-31,星期五,下午2:10,下午班機,TPE,下午6:55,晚間抵達,SIN,新加坡航空,1,直達航班。,Non-stop,4 小時 45 分鐘,No,Boeing 787,1,SQ 877,經濟艙,9454,9109,9126.0,187399.61,86,91
2025-01-31,星期五,下午4:10,下午班機,TPE,晚上8:55,晚間抵達,SIN,酷航,4,直達航班。,Non-stop,4 小時 45 分鐘,No,Boeing 787,1,TR 899,經濟艙,5497,4398,4998.0,853486.79,90,91
2025-01-31,星期五,下午5:35,下午班機,TPE,晚上10:20,晚間抵達,SIN,新加坡航空,1,直達航班。,Non-stop,4 小時 45 分鐘,No,Boeing 787,1,SQ 879,經濟艙,9211,9109,9123.0,71298.42,86,91
2025-01-31,星期五,凌晨12:20,凌晨班機,TPE,清晨5:05,凌晨抵達,SIN,酷航,4,直達航班。,Non-stop,4 小時 45 分鐘,No,Airbus A321neo,0,TR 875,經濟艙,5109,3298,4998.0,523914.14,87,91
2025-01-31,星期五,晚上7:55,晚間班機,TPE,"凌晨12:40 (星期六, 2月 1)",凌晨抵達,SIN,中華航空,2,直達航班。,Non-stop,4 小時 45 分鐘,No,Airbus A330,1,CI 755,經濟艙,7496,5174,7041.0,2801560.14,85,91
2025-01-31,星期五,清晨7:25,早晨班機,TPE,中午12:05,下午抵達,SIN,長榮航空,1,直達航班。,Non-stop,4 小時 40 分鐘,No,Boeing 777,1,BR 225,經濟艙,11094,6802,10409.0,2699391.42,52,91
2025-02-01,星期六,上午8:20,早晨班機,TPE,下午1:05,下午抵達,SIN,中華航空,2,直達航班。,Non-stop,4 小時 45 分鐘,No,Airbus A350,1,CI 753,經濟艙,11624,6816,11062.0,6224932.34,91,91
2025-02-01,星期六,上午8:45,早晨班機,TPE,下午1:25,下午抵達,SIN,星宇航空,0,直達航班。,Non-stop,4 小時 40 分鐘,No,Airbus A321neo,0,JX 771,經濟艙,11742,8795,11324.0,3630331.5,87,91
2025-02-01,星期六,上午9:35,上午班機,TPE,下午2:30,下午抵達,SIN,長榮航空,1,直達航班。,Non-stop,4 小時 55 分鐘,No,Boeing 777,1,BR 215,經濟艙,15251,6919,13284.0,62804992.58,84,91
2025-02-01,星期六,下午2:10,下午班機,TPE,下午6:55,晚間抵達,SIN,新加坡航空,1,直達航班。,Non-stop,4 小時 45 分鐘,No,Boeing 787,1,SQ 877,經濟艙,14348,9109,15811.0,24788678.18,87,80
2025-02-01,星期六,下午4:10,下午班機,TPE,晚上8:55,晚間抵達,SIN,酷航,4,直達航班。,Non-stop,4 小時 45 分鐘,No,Boeing 787,1,TR 899,經濟艙,6903,6438,6438.0,386583.03,81,91
2025-02-01,星期六,下午5:35,下午班機,TPE,晚上10:20,晚間抵達,SIN,新加坡航空,1,直達航班。,Non-stop,4 小時 45 分鐘,No,Boeing 787,1,SQ 879,經濟艙,12892,8533,12961.0,7457742.48,39,82
2025-02-01,星期六,凌晨12:20,凌晨班機,TPE,凌晨4:55,凌晨抵達,SIN,酷航,4,直達航班。,Non-stop,4 小時 35 分鐘,No,Airbus A321neo,0,TR 875,經濟艙,5179,4398,4998.0,112560.55,52,90
2025-02-01,星期六,凌晨1:30,凌晨班機,TPE,清晨6:15,早晨抵達,SIN,酷航,4,直達航班。,Non-stop,4 小時 45 分鐘,No,Boeing 787,1,TR 897,經濟艙,4899,3798,4998.0,186403.25,90,90
2025-02-01,星期六,晚上10:20,晚間班機,TPE,"凌晨3:05 (星期日, 2月 2)",凌晨抵達,SIN,酷航,4,直達航班。,Non-stop,4 小時 45 分鐘,No,Boeing 787,1,TR 893,經濟艙,5747,4398,5698.0,183056.83,4,91
2025-02-01,星期六,晚上7:55,晚間班機,TPE,"凌晨12:40 (星期日, 2月 2)",凌晨抵達,SIN,中華航空,2,直達航班。,Non-stop,4 小時 45 分鐘,No,Airbus A330,1,CI 755,經濟艙,12076,6596,12446.0,8506135.31,87,91
2025-02-01,星期六,清晨7:25,早晨班機,TPE,中午12:05,下午抵達,SIN,長榮航空,1,直達航班。,Non-stop,4 小時 40 分鐘,No,Boeing 777,1,BR 225,經濟艙,11610,6251,10237.5,19907123.3,88,90
2025-02-02,星期日,上午8:20,早晨班機,TPE,下午1:05,下午抵達,SIN,中華航空,2,直達航班。,Non-stop,4 小時 45 分鐘,No,Airbus A350,1,CI 753,經濟艙,13210,9351,13237.5,5500358.22,88,88
2025-02-02,星期日,上午8:45,早晨班機,TPE,下午1:25,下午抵達,SIN,星宇航空,0,直達航班。,Non-stop,4 小時 40 分鐘,No,Airbus A321neo,0,JX 771,經濟艙,13432,9172,15097.0,5212169.51,88,85
2025-02-02,星期日,上午9:35,上午班機,TPE,下午2:30,下午抵達,SIN,長榮航空,1,直達航班。,Non-stop,4 小時 55 分鐘,No,Boeing 777,1,BR 215,經濟艙,16386,9404,15283.0,28026939.93,88,82
2025-02-02,星期日,下午2:10,下午班機,TPE,下午6:55,晚間抵達,SIN,新加坡航空,1,直達航班。,Non-stop,4 小時 45 分鐘,No,Boeing 787,1,SQ 877,經濟艙,25885,13852,31950.0,63145820.25,2,37
2025-02-02,星期日,下午4:10,下午班機,TPE,晚上8:55,晚間抵達,SIN,酷航,4,直達航班。,Non-stop,4 小時 45 分鐘,No,Boeing 787,1,TR 899,經濟艙,9478,6438,8288.0,8178817.03,82,89
2025-02-02,星期日,下午5:35,下午班機,TPE,晚上10:20,晚間抵達,SIN,新加坡航空,1,直達航班。,Non-stop,4 小時 45 分鐘,No,Boeing 787,1,SQ 879,經濟艙,21971,10881,15817.0,69603471.15,91,67
2025-02-02,星期日,凌晨12:20,凌晨班機,TPE,清晨5:05,凌晨抵達,SIN,酷航,4,直達航班。,Non-stop,4 小時 45 分鐘,No,Airbus A321neo,0,TR 875,經濟艙,6134,4998,6438.0,463671.43,91,91
2025-02-02,星期日,凌晨1:30,凌晨班機,TPE,清晨6:15,早晨抵達,SIN,酷航,4,直達航班。,Non-stop,4 小時 45 分鐘,No,Boeing 787,1,TR 897,經濟艙,6315,4398,6438.0,1203393.46,91,91
2025-02-02,星期日,晚上10:20,晚間班機,TPE,"凌晨3:05 (星期一, 2月 3)",凌晨抵達,SIN,酷航,4,直達航班。,Non-stop,4 小時 45 分鐘,No,Boeing 787,1,TR 893,經濟艙,5934,4998,5698.0,281263.05,89,91
2025-02-02,星期日,晚上7:55,晚間班機,TPE,"凌晨12:40 (星期一, 2月 3)",凌晨抵達,SIN,中華航空,2,直達航班。,Non-stop,4 小時 45 分鐘,No,Airbus A330,1,CI 755,經濟艙,12766,9351,12921.0,4384477.89,88,91
2025-02-02,星期日,清晨7:25,早晨班機,TPE,中午12:05,下午抵達,SIN,長榮航空,1,直達航班。,Non-stop,4 小時 40 分鐘,No,Boeing 777,1,BR 225,經濟艙,13671,7518,13314.0,32757964.7,46,81
2025-02-03,星期一,上午8:20,早晨班機,TPE,下午1:05,下午抵達,SIN,中華航空,2,直達航班。,Non-stop,4 小時 45 分鐘,No,Airbus A350,1,CI 753,經濟艙,12294,5576,15042.0,17077174.4,88,91
2025-02-03,星期一,上午8:45,早晨班機,TPE,下午1:25,下午抵達,SIN,星宇航空,0,直達航班。,Non-stop,4 小時 40 分鐘,No,Airbus A321neo,0,JX 771,經濟艙,11773,7537,10950.0,9114823.42,89,89
2025-02-03,星期一,上午9:35,上午班機,TPE,下午2:30,下午抵達,SIN,長榮航空,1,直達航班。,Non-stop,4 小時 55 分鐘,No,Boeing 777,1,BR 215,經濟艙,12697,6251,13279.0,3632818.52,91,91
2025-02-03,星期一,下午2:10,下午班機,TPE,下午6:55,晚間抵達,SIN,新加坡航空,1,直達航班。,Non-stop,4 小時 45 分鐘,No,Boeing 787,1,SQ 877,經濟艙,13124,8420,13852.0,8647631.01,89,75
2025-02-03,星期一,下午4:10,下午班機,TPE,晚上8:55,晚間抵達,SIN,酷航,4,直達航班。,Non-stop,4 小時 45 分鐘,No,Boeing 787,1,TR 899,經濟艙,6020,3298,6438.0,537657.93,7,90
2025-02-03,星期一,下午5:35,下午班機,TPE,晚上10:20,晚間抵達,SIN,新加坡航空,1,直達航班。,Non-stop,4 小時 45 分鐘,No,Boeing 787,1,SQ 879,經濟艙,11957,8420,10991.5,21324075.11,89,88
2025-02-03,星期一,凌晨1:30,凌晨班機,TPE,清晨6:15,早晨抵達,SIN,酷航,4,直達航班。,Non-stop,4 小時 45 分鐘,No,Boeing 787,1,TR 897,經濟艙,5288,3298,4998.0,485941.0,54,91
2025-02-03,星期一,晚上7:55,晚間班機,TPE,"凌晨12:40 (星期二, 2月 4)",凌晨抵達,SIN,中華航空,2,直達航班。,Non-stop,4 小時 45 分鐘,No,Airbus A330,1,CI 755,經濟艙,8598,5173,9289.0,6002645.23,89,91
2025-02-03,星期一,清晨7:25,早晨班機,TPE,中午12:05,下午抵達,SIN,長榮航空,1,直達航班。,Non-stop,4 小時 40 分鐘,No,Boeing 777,1,BR 225,經濟艙,10100,5645,9432.0,6146151.69,89,91
2025-02-04,星期二,上午8:20,早晨班機,TPE,下午1:05,下午抵達,SIN,中華航空,2,直達航班。,Non-stop,4 小時 45 分鐘,No,Airbus A350,1,CI 753,經濟艙,8844,5575,7277.0,15289900.2,90,91
2025-02-04,星期二,上午8:45,早晨班機,TPE,下午1:25,下午抵達,SIN,星宇航空,0,直達航班。,Non-stop,4 小時 40 分鐘,No,Airbus A321neo,0,JX 771,經濟艙,7594,5536,7135.0,2362566.03,90,91
2025-02-04,星期二,上午9:35,上午班機,TPE,下午2:30,下午抵達,SIN,長榮航空,1,直達航班。,Non-stop,4 小時 55 分鐘,No,Boeing 777,1,BR 215,經濟艙,8201,6249,6875.0,3630608.21,90,91
2025-02-04,星期二,下午2:10,下午班機,TPE,下午6:55,晚間抵達,SIN,新加坡航空,1,直達航班。,Non-stop,4 小時 45 分鐘,No,Boeing 787,1,SQ 877,經濟艙,8763,8026,8535.0,411478.47,90,91
2025-02-04,星期二,下午4:10,下午班機,TPE,晚上8:55,晚間抵達,SIN,酷航,4,直達航班。,Non-stop,4 小時 45 分鐘,No,Boeing 787,1,TR 899,經濟艙,4267,3298,4398.0,357487.18,31,91
2025-02-04,星期二,下午5:35,下午班機,TPE,晚上10:20,晚間抵達,SIN,新加坡航空,1,直達航班。,Non-stop,4 小時 45 分鐘,No,Boeing 787,1,SQ 879,經濟艙,8459,8026,8531.0,130284.32,90,91
2025-02-04,星期二,凌晨12:20,凌晨班機,TPE,清晨5:05,凌晨抵達,SIN,酷航,4,直達航班。,Non-stop,4 小時 45 分鐘,No,Airbus A321neo,0,TR 875,經濟艙,4256,2898,4398.0,518014.65,12,91
2025-02-04,星期二,凌晨1:30,凌晨班機,TPE,清晨6:15,早晨抵達,SIN,酷航,4,直達航班。,Non-stop,4 小時 45 分鐘,No,Boeing 787,1,TR 897,經濟艙,3572,2898,3298.0,151963.37,55,91
2025-02-04,星期二,晚上10:20,晚間班機,TPE,"凌晨3:05 (星期三, 2月 5)",凌晨抵達,SIN,酷航,4,直達航班。,Non-stop,4 小時 45 分鐘,No,Boeing 787,1,TR 893,經濟艙,3433,2588,3298.0,212794.02,19,91
2025-02-04,星期二,晚上7:55,晚間班機,TPE,"凌晨12:40 (星期三, 2月 5)",凌晨抵達,SIN,中華航空,2,直達航班。,Non-stop,4 小時 45 分鐘,No,Airbus A330,1,CI 755,經濟艙,5505,5173,5493.0,60657.25,90,91
2025-02-04,星期二,清晨7:25,早晨班機,TPE,中午12:05,下午抵達,SIN,長榮航空,1,直達航班。,Non-stop,4 小時 40 分鐘,No,Boeing 777,1,BR 225,經濟艙,6304,5645,6160.0,372578.8,90,91
2025-02-05,星期三,上午8:20,早晨班機,TPE,下午1:05,下午抵達,SIN,中華航空,2,直達航班。,Non-stop,4 小時 45 分鐘,No,Airbus A350,1,CI 753,經濟艙,5898,5552,5840.0,92672.34,43,91
2025-02-05,星期三,上午8:45,早晨班機,TPE,下午1:25,下午抵達,SIN,星宇航空,0,直達航班。,Non-stop,4 小時 40 分鐘,No,Airbus A321neo,0,JX 771,經濟艙,6449,5278,6432.0,338770.89,41,91
2025-02-05,星期三,上午9:35,上午班機,TPE,下午2:30,下午抵達,SIN,長榮航空,1,直達航班。,Non-stop,4 小時 55 分鐘,No,Boeing 777,1,BR 215,經濟艙,6619,5645,6492.0,578361.19,91,91
2025-02-05,星期三,下午2:10,下午班機,TPE,下午6:55,晚間抵達,SIN,新加坡航空,1,直達航班。,Non-stop,4 小時 45 分鐘,No,Boeing 787,1,SQ 877,經濟艙,8125,8026,8140.0,1512.32,91,91
2025-02-05,星期三,下午4:10,下午班機,TPE,晚上8:55,晚間抵達,SIN,酷航,4,直達航班。,Non-stop,4 小時 45 分鐘,No,Boeing 787,1,TR 899,經濟艙,3663,3298,3298.0,247860.81,57,91
2025-02-05,星期三,下午5:35,下午班機,TPE,晚上10:20,晚間抵達,SIN,新加坡航空,1,直達航班。,Non-stop,4 小時 45 分鐘,No,Boeing 787,1,SQ 879,經濟艙,8125,8026,8140.0,1512.32,91,91
2025-02-05,星期三,凌晨12:20,凌晨班機,TPE,清晨5:05,凌晨抵達,SIN,酷航,4,直達航班。,Non-stop,4 小時 45 分鐘,No,Airbus A321neo,0,TR 875,經濟艙,3517,2588,3298.0,348548.45,20,91
2025-02-05,星期三,凌晨1:30,凌晨班機,TPE,清晨6:15,早晨抵達,SIN,酷航,4,直達航班。,Non-stop,4 小時 45 分鐘,No,Boeing 787,1,TR 897,經濟艙,3718,2588,3298.0,6718578.64,64,90
2025-02-05,星期三,晚上7:55,晚間班機,TPE,"凌晨12:40 (星期四, 2月 6)",凌晨抵達,SIN,中華航空,2,直達航班。,Non-stop,4 小時 45 分鐘,No,Airbus A330,1,CI 755,經濟艙,5513,5173,5497.0,60599.07,91,91
2025-02-05,星期三,清晨7:25,早晨班機,TPE,中午12:05,下午抵達,SIN,長榮航空,1,直達航班。,Non-stop,4 小時 40 分鐘,No,Boeing 777,1,BR 225,經濟艙,7043,5645,6875.0,259461.85,91,91
2025-02-06,星期四,上午8:20,早晨班機,TPE,下午1:05,下午抵達,SIN,中華航空,2,直達航班。,Non-stop,4 小時 45 分鐘,No,Airbus A350,1,CI 753,經濟艙,5876,5552,5840.0,64924.29,44,91
2025-02-06,星期四,上午8:45,早晨班機,TPE,下午1:25,下午抵達,SIN,星宇航空,0,直達航班。,Non-stop,4 小時 40 分鐘,No,Airbus A321neo,0,JX 771,經濟艙,6118,5163,6322.0,473789.76,91,68
2025-02-06,星期四,上午9:35,上午班機,TPE,下午2:30,下午抵達,SIN,長榮航空,1,直達航班。,Non-stop,4 小時 55 分鐘,No,Boeing 777,1,BR 215,經濟艙,6516,5646,6189.0,492506.15,91,91
2025-02-06,星期四,下午2:10,下午班機,TPE,下午6:55,晚間抵達,SIN,新加坡航空,1,直達航班。,Non-stop,4 小時 45 分鐘,No,Boeing 787,1,SQ 877,經濟艙,8127,8027,8141.0,1407.29,91,91
2025-02-06,星期四,下午4:10,下午班機,TPE,晚上8:55,晚間抵達,SIN,酷航,4,直達航班。,Non-stop,4 小時 45 分鐘,No,Boeing 787,1,TR 899,經濟艙,3230,2588,3298.0,184197.61,23,91
2025-02-06,星期四,下午5:35,下午班機,TPE,晚上10:20,晚間抵達,SIN,新加坡航空,1,直達航班。,Non-stop,4 小時 45 分鐘,No,Boeing 787,1,SQ 879,經濟艙,8127,8027,8141.0,1407.29,91,91
2025-02-06,星期四,凌晨1:30,凌晨班機,TPE,清晨6:15,早晨抵達,SIN,酷航,4,直達航班。,Non-stop,4 小時 45 分鐘,No,Boeing 787,1,TR 897,經濟艙,3176,2588,3298.0,246063.54,65,91
2025-02-06,星期四,晚上10:20,晚間班機,TPE,"凌晨3:05 (星期五, 2月 7)",凌晨抵達,SIN,酷航,4,直達航班。,Non-stop,4 小時 45 分鐘,No,Boeing 787,1,TR 893,經濟艙,2805,2588,2588.0,1501087.3,65,91
2025-02-06,星期四,晚上7:55,晚間班機,TPE,"凌晨12:40 (星期五, 2月 7)",凌晨抵達,SIN,中華航空,2,直達航班。,Non-stop,4 小時 45 分鐘,No,Airbus A330,1,CI 755,經濟艙,5520,5174,5497.0,60433.19,91,91
2025-02-06,星期四,清晨7:25,早晨班機,TPE,中午12:05,下午抵達,SIN,長榮航空,1,直達航班。,Non-stop,4 小時 40 分鐘,No,Boeing 777,1,BR 225,經濟艙,6131,5646,6183.0,115246.17,91,91
2025-02-07,星期五,上午8:20,早晨班機,TPE,下午1:05,下午抵達,SIN,中華航空,2,直達航班。,Non-stop,4 小時 45 分鐘,No,Airbus A350,1,CI 753,經濟艙,5883,5552,5840.0,65394.32,45,91
2025-02-07,星期五,上午8:45,早晨班機,TPE,下午1:25,下午抵達,SIN,星宇航空,0,直達航班。,Non-stop,4 小時 40 分鐘,No,Airbus A321neo,0,JX 771,經濟艙,5615,5168,5883.0,96017.79,90,67
2025-02-07,星期五,上午9:35,上午班機,TPE,下午2:30,下午抵達,SIN,長榮航空,1,直達航班。,Non-stop,4 小時 55 分鐘,No,Boeing 777,1,BR 215,經濟艙,6114,5658,6183.0,69856.29,90,91
2025-02-07,星期五,下午2:10,下午班機,TPE,下午6:55,晚間抵達,SIN,新加坡航空,1,直達航班。,Non-stop,4 小時 45 分鐘,No,Boeing 787,1,SQ 877,經濟艙,8127,8033,8141.0,1385.01,91,91
2025-02-07,星期五,下午4:10,下午班機,TPE,晚上8:55,晚間抵達,SIN,酷航,4,直達航班。,Non-stop,4 小時 45 分鐘,No,Boeing 787,1,TR 899,經濟艙,2740,2299,2588.0,105220.71,58,91
2025-02-07,星期五,下午5:35,下午班機,TPE,晚上10:20,晚間抵達,SIN,新加坡航空,1,直達航班。,Non-stop,4 小時 45 分鐘,No,Boeing 787,1,SQ 879,經濟艙,8127,8033,8141.0,1385.01,91,91
2025-02-07,星期五,凌晨12:20,凌晨班機,TPE,清晨5:05,凌晨抵達,SIN,酷航,4,直達航班。,Non-stop,4 小時 45 分鐘,No,Airbus A321neo,0,TR 875,經濟艙,2642,2299,2588.0,31733.79,58,91
2025-02-07,星期五,凌晨1:30,凌晨班機,TPE,清晨6:15,早晨抵達,SIN,酷航,4,直達航班。,Non-stop,4 小時 45 分鐘,No,Boeing 787,1,TR 897,經濟艙,2566,2299,2588.0,12523.04,58,91
2025-02-07,星期五,晚上7:55,晚間班機,TPE,"凌晨12:40 (星期六, 2月 8)",凌晨抵達,SIN,中華航空,2,直達航班。,Non-stop,4 小時 45 分鐘,No,Airbus A330,1,CI 755,經濟艙,5527,5186,5497.0,60126.59,90,91
2025-02-07,星期五,清晨7:25,早晨班機,TPE,中午12:05,下午抵達,SIN,長榮航空,1,直達航班。,Non-stop,4 小時 40 分鐘,No,Boeing 777,1,BR 225,經濟艙,6114,5658,6183.0,69856.29,90,91
2025-02-08,星期六,上午8:20,早晨班機,TPE,下午1:05,下午抵達,SIN,中華航空,2,直達航班。,Non-stop,4 小時 45 分鐘,No,Airbus A350,1,CI 753,經濟艙,5890,5552,5840.0,65514.43,46,91
2025-02-08,星期六,上午8:45,早晨班機,TPE,下午1:25,下午抵達,SIN,星宇航空,0,直達航班。,Non-stop,4 小時 40 分鐘,No,Airbus A321neo,0,JX 771,經濟艙,5694,5168,5883.0,152794.57,91,66
2025-02-08,星期六,上午9:35,上午班機,TPE,下午2:30,下午抵達,SIN,長榮航空,1,直達航班。,Non-stop,4 小時 55 分鐘,No,Boeing 777,1,BR 215,經濟艙,6107,5658,6183.0,62149.82,91,91
2025-02-08,星期六,下午2:10,下午班機,TPE,下午6:55,晚間抵達,SIN,新加坡航空,1,直達航班。,Non-stop,4 小時 45 分鐘,No,Boeing 787,1,SQ 877,經濟艙,8128,8033,8141.0,1284.94,91,91
2025-02-08,星期六,下午4:10,下午班機,TPE,晚上8:55,晚間抵達,SIN,酷航,4,直達航班。,Non-stop,4 小時 45 分鐘,No,Boeing 787,1,TR 899,經濟艙,3485,2399,3298.0,666388.05,23,91
2025-02-08,星期六,下午5:35,下午班機,TPE,晚上10:20,晚間抵達,SIN,新加坡航空,1,直達航班。,Non-stop,4 小時 45 分鐘,No,Boeing 787,1,SQ 879,經濟艙,8128,8033,8141.0,1284.94,91,91
2025-02-08,星期六,凌晨12:20,凌晨班機,TPE,凌晨4:55,凌晨抵達,SIN,酷航,4,直達航班。,Non-stop,4 小時 35 分鐘,No,Airbus A321neo,0,TR 875,經濟艙,2552,2299,2588.0,7456.76,59,91
2025-02-08,星期六,凌晨1:30,凌晨班機,TPE,清晨6:15,早晨抵達,SIN,酷航,4,直達航班。,Non-stop,4 小時 45 分鐘,No,Boeing 787,1,TR 897,經濟艙,2552,2299,2588.0,7456.76,59,91
2025-02-08,星期六,晚上10:20,晚間班機,TPE,"凌晨3:05 (星期日, 2月 9)",凌晨抵達,SIN,酷航,4,直達航班。,Non-stop,4 小時 45 分鐘,No,Boeing 787,1,TR 893,經濟艙,2610,2299,2588.0,26395.3,59,91
2025-02-08,星期六,晚上7:55,晚間班機,TPE,"凌晨12:40 (星期日, 2月 9)",凌晨抵達,SIN,中華航空,2,直達航班。,Non-stop,4 小時 45 分鐘,No,Airbus A330,1,CI 755,經濟艙,5534,5186,5497.0,59798.27,91,91
2025-02-08,星期六,清晨7:25,早晨班機,TPE,中午12:05,下午抵達,SIN,長榮航空,1,直達航班。,Non-stop,4 小時 40 分鐘,No,Boeing 777,1,BR 225,經濟艙,6107,5658,6183.0,62149.82,91,91
2025-02-09,星期日,上午8:20,早晨班機,TPE,下午1:05,下午抵達,SIN,中華航空,2,直達航班。,Non-stop,4 小時 45 分鐘,No,Airbus A350,1,CI 753,經濟艙,5897,5552,5844.0,65529.7,47,91
2025-02-09,星期日,上午8:45,早晨班機,TPE,下午1:25,下午抵達,SIN,星宇航空,0,直達航班。,Non-stop,4 小時 40 分鐘,No,Airbus A321neo,0,JX 771,經濟艙,5806,5168,5898.0,192683.21,91,65
2025-02-09,星期日,上午9:35,上午班機,TPE,下午2:30,下午抵達,SIN,長榮航空,1,直達航班。,Non-stop,4 小時 55 分鐘,No,Boeing 777,1,BR 215,經濟艙,6188,5658,6185.0,154672.46,91,91
2025-02-09,星期日,下午2:10,下午班機,TPE,下午6:55,晚間抵達,SIN,新加坡航空,1,直達航班。,Non-stop,4 小時 45 分鐘,No,Boeing 787,1,SQ 877,經濟艙,8129,8033,8141.0,1190.27,91,91
2025-02-09,星期日,下午4:10,下午班機,TPE,晚上8:55,晚間抵達,SIN,酷航,4,直達航班。,Non-stop,4 小時 45 分鐘,No,Boeing 787,1,TR 899,經濟艙,4074,2399,4398.0,944525.84,24,91
2025-02-09,星期日,下午5:35,下午班機,TPE,晚上10:20,晚間抵達,SIN,新加坡航空,1,直達航班。,Non-stop,4 小時 45 分鐘,No,Boeing 787,1,SQ 879,經濟艙,8129,8033,8141.0,1190.27,91,91
2025-02-09,星期日,凌晨12:20,凌晨班機,TPE,清晨5:05,凌晨抵達,SIN,酷航,4,直達航班。,Non-stop,4 小時 45 分鐘,No,Airbus A321neo,0,TR 875,經濟艙,2556,2299,2588.0,8758.53,60,91
2025-02-09,星期日,凌晨1:30,凌晨班機,TPE,清晨6:15,早晨抵達,SIN,酷航,4,直達航班。,Non-stop,4 小時 45 分鐘,No,Boeing 787,1,TR 897,經濟艙,2552,2299,2588.0,7456.76,60,91
2025-02-09,星期日,晚上10:20,晚間班機,TPE,"凌晨3:05 (星期一, 2月 10)",凌晨抵達,SIN,酷航,4,直達航班。,Non-stop,4 小時 45 分鐘,No,Boeing 787,1,TR 893,經濟艙,2556,2299,2588.0,8758.53,60,91
2025-02-09,星期日,晚上7:55,晚間班機,TPE,"凌晨12:40 (星期一, 2月 10)",凌晨抵達,SIN,中華航空,2,直達航班。,Non-stop,4 小時 45 分鐘,No,Airbus A330,1,CI 755,經濟艙,5541,5186,5501.0,59354.5,91,91
2025-02-09,星期日,清晨7:25,早晨班機,TPE,中午12:05,下午抵達,SIN,長榮航空,1,直達航班。,Non-stop,4 小時 40 分鐘,No,Boeing 777,1,BR 225,經濟艙,6093,5658,6183.0,34259.13,91,91
2025-02-10,星期一,上午8:20,早晨班機,TPE,下午1:05,下午抵達,SIN,中華航空,2,直達航班。,Non-stop,4 小時 45 分鐘,No,Airbus A350,1,CI 753,經濟艙,5904,5552,5845.0,66055.61,48,91
2025-02-10,星期一,上午8:45,早晨班機,TPE,下午1:25,下午抵達,SIN,星宇航空,0,直達航班。,Non-stop,4 小時 40 分鐘,No,Airbus A321neo,0,JX 771,經濟艙,5624,5168,5883.0,94522.07,91,64
2025-02-10,星期一,上午9:35,上午班機,TPE,下午2:30,下午抵達,SIN,長榮航空,1,直達航班。,Non-stop,4 小時 55 分鐘,No,Boeing 777,1,BR 215,經濟艙,6386,5658,6186.0,709411.01,91,91
2025-02-10,星期一,下午2:10,下午班機,TPE,下午6:55,晚間抵達,SIN,新加坡航空,1,直達航班。,Non-stop,4 小時 45 分鐘,No,Boeing 787,1,SQ 877,經濟艙,8132,8033,8142.0,994.6,91,91
2025-02-10,星期一,下午4:10,下午班機,TPE,晚上8:55,晚間抵達,SIN,酷航,4,直達航班。,Non-stop,4 小時 45 分鐘,No,Boeing 787,1,TR 899,經濟艙,3660,2399,3798.0,644172.93,25,91
2025-02-10,星期一,下午5:35,下午班機,TPE,晚上10:20,晚間抵達,SIN,新加坡航空,1,直達航班。,Non-stop,4 小時 45 分鐘,No,Boeing 787,1,SQ 879,經濟艙,8132,8033,8142.0,994.6,91,91
2025-02-10,星期一,凌晨1:30,凌晨班機,TPE,清晨6:15,早晨抵達,SIN,酷航,4,直達航班。,Non-stop,4 小時 45 分鐘,No,Boeing 787,1,TR 897,經濟艙,2920,2399,2588.0,223559.17,25,91
2025-02-10,星期一,清晨7:25,早晨班機,TPE,中午12:05,下午抵達,SIN,長榮航空,1,直達航班。,Non-stop,4 小時 40 分鐘,No,Boeing 777,1,BR 225,經濟艙,6095,5658,6183.0,32746.29,91,91
2025-02-11,星期二,上午8:20,早晨班機,TPE,下午1:05,下午抵達,SIN,中華航空,2,直達航班。,Non-stop,4 小時 45 分鐘,No,Airbus A350,1,CI 753,經濟艙,5912,5552,5845.0,66494.07,49,91
2025-02-11,星期二,上午8:45,早晨班機,TPE,下午1:25,下午抵達,SIN,星宇航空,0,直達航班。,Non-stop,4 小時 40 分鐘,No,Airbus A321neo,0,JX 771,經濟艙,5719,5169,5883.0,146163.61,91,63
2025-02-11,星期二,上午9:35,上午班機,TPE,下午2:30,下午抵達,SIN,長榮航空,1,直達航班。,Non-stop,4 小時 55 分鐘,No,Boeing 777,1,BR 215,經濟艙,6105,5660,6183.0,38378.01,91,91
2025-02-11,星期二,下午2:10,下午班機,TPE,下午6:55,晚間抵達,SIN,新加坡航空,1,直達航班。,Non-stop,4 小時 45 分鐘,No,Boeing 787,1,SQ 877,經濟艙,8133,8034,8142.0,895.37,91,90
2025-02-11,星期二,下午4:10,下午班機,TPE,晚上8:55,晚間抵達,SIN,酷航,4,直達航班。,Non-stop,4 小時 45 分鐘,No,Boeing 787,1,TR 899,經濟艙,3472,2399,3298.0,226682.2,26,91
2025-02-11,星期二,下午5:35,下午班機,TPE,晚上10:20,晚間抵達,SIN,新加坡航空,1,直達航班。,Non-stop,4 小時 45 分鐘,No,Boeing 787,1,SQ 879,經濟艙,8133,8034,8142.0,895.37,91,90
2025-02-11,星期二,凌晨12:20,凌晨班機,TPE,清晨5:05,凌晨抵達,SIN,酷航,4,直達航班。,Non-stop,4 小時 45 分鐘,No,Airbus A321neo,0,TR 875,經濟艙,2631,2299,2588.0,29588.52,62,91
2025-02-11,星期二,凌晨1:30,凌晨班機,TPE,清晨6:15,早晨抵達,SIN,酷航,4,直達航班。,Non-stop,4 小時 45 分鐘,No,Boeing 787,1,TR 897,經濟艙,2583,2299,2588.0,18327.88,62,91
2025-02-11,星期二,晚上10:20,晚間班機,TPE,"凌晨3:05 (星期三, 2月 12)",凌晨抵達,SIN,酷航,4,直達航班。,Non-stop,4 小時 45 分鐘,No,Boeing 787,1,TR 893,經濟艙,2678,2299,2588.0,42918.49,62,91
2025-02-11,星期二,清晨7:25,早晨班機,TPE,中午12:05,下午抵達,SIN,長榮航空,1,直達航班。,Non-stop,4 小時 40 分鐘,No,Boeing 777,1,BR 225,經濟艙,6105,5660,6183.0,38378.01,91,91
2025-02-12,星期三,上午8:20,早晨班機,TPE,下午1:05,下午抵達,SIN,中華航空,2,直達航班。,Non-stop,4 小時 45 分鐘,No,Airbus A350,1,CI 753,經濟艙,5913,5552,5845.0,65736.7,50,91
2025-02-12,星期三,上午8:45,早晨班機,TPE,下午1:25,下午抵達,SIN,星宇航空,0,直達航班。,Non-stop,4 小時 40 分鐘,No,Airbus A321neo,0,JX 771,經濟艙,5639,5171,5883.0,90595.7,91,62
2025-02-12,星期三,上午9:35,上午班機,TPE,下午2:30,下午抵達,SIN,長榮航空,1,直達航班。,Non-stop,4 小時 55 分鐘,No,Boeing 777,1,BR 215,經濟艙,6115,5665,6183.0,43860.86,91,91
2025-02-12,星期三,下午2:10,下午班機,TPE,下午6:55,晚間抵達,SIN,新加坡航空,1,直達航班。,Non-stop,4 小時 45 分鐘,No,Boeing 787,1,SQ 877,經濟艙,8248,8036,8142.0,1193945.0,91,91
2025-02-12,星期三,下午4:10,下午班機,TPE,晚上8:55,晚間抵達,SIN,酷航,4,直達航班。,Non-stop,4 小時 45 分鐘,No,Boeing 787,1,TR 899,經濟艙,3250,2399,2898.0,445721.15,27,91
2025-02-12,星期三,下午5:35,下午班機,TPE,晚上10:20,晚間抵達,SIN,新加坡航空,1,直達航班。,Non-stop,4 小時 45 分鐘,No,Boeing 787,1,SQ 879,經濟艙,8248,8036,8142.0,1193945.0,91,91
2025-02-12,星期三,凌晨12:20,凌晨班機,TPE,清晨5:05,凌晨抵達,SIN,酷航,4,直達航班。,Non-stop,4 小時 45 分鐘,No,Airbus A321neo,0,TR 875,經濟艙,2742,2299,2588.0,102257.93,62,91
2025-02-12,星期三,凌晨1:30,凌晨班機,TPE,清晨6:15,早晨抵達,SIN,酷航,4,直達航班。,Non-stop,4 小時 45 分鐘,No,Boeing 787,1,TR 897,經濟艙,2583,2299,2588.0,18327.88,63,91
2025-02-12,星期三,晚上7:55,晚間班機,TPE,"凌晨12:40 (星期四, 2月 13)",凌晨抵達,SIN,中華航空,2,直達航班。,Non-stop,4 小時 45 分鐘,No,Airbus A330,1,CI 755,經濟艙,5560,5193,5502.0,58021.59,91,91
2025-02-12,星期三,清晨7:25,早晨班機,TPE,中午12:05,下午抵達,SIN,長榮航空,1,直達航班。,Non-stop,4 小時 40 分鐘,No,Boeing 777,1,BR 225,經濟艙,6115,5665,6183.0,43860.86,91,91
2025-02-13,星期四,上午8:20,早晨班機,TPE,下午1:05,下午抵達,SIN,中華航空,2,直達航班。,Non-stop,4 小時 45 分鐘,No,Airbus A350,1,CI 753,經濟艙,5999,5552,5848.0,152789.34,51,91
2025-02-13,星期四,上午8:45,早晨班機,TPE,下午1:25,下午抵達,SIN,星宇航空,0,直達航班。,Non-stop,4 小時 40 分鐘,No,Airbus A321neo,0,JX 771,經濟艙,6433,5660,6333.0,306740.61,50,61
2025-02-13,星期四,上午9:35,上午班機,TPE,下午2:30,下午抵達,SIN,長榮航空,1,直達航班。,Non-stop,4 小時 55 分鐘,No,Boeing 777,1,BR 215,經濟艙,7560,5668,7544.0,580989.04,91,91
2025-02-13,星期四,下午2:10,下午班機,TPE,下午6:55,晚間抵達,SIN,新加坡航空,1,直達航班。,Non-stop,4 小時 45 分鐘,No,Boeing 787,1,SQ 877,經濟艙,8134,8038,8142.0,778.35,91,90
2025-02-13,星期四,下午4:10,下午班機,TPE,晚上8:55,晚間抵達,SIN,酷航,4,直達航班。,Non-stop,4 小時 45 分鐘,No,Boeing 787,1,TR 899,經濟艙,3173,2399,2898.0,366144.22,28,91
2025-02-13,星期四,下午5:35,下午班機,TPE,晚上10:20,晚間抵達,SIN,新加坡航空,1,直達航班。,Non-stop,4 小時 45 分鐘,No,Boeing 787,1,SQ 879,經濟艙,8134,8038,8142.0,778.35,91,90
2025-02-13,星期四,凌晨1:30,凌晨班機,TPE,清晨6:15,早晨抵達,SIN,酷航,4,直達航班。,Non-stop,4 小時 45 分鐘,No,Boeing 787,1,TR 897,經濟艙,3404,2399,3298.0,285946.58,28,91
2025-02-13,星期四,晚上10:20,晚間班機,TPE,"凌晨3:05 (星期五, 2月 14)",凌晨抵達,SIN,酷航,4,直達航班。,Non-stop,4 小時 45 分鐘,No,Boeing 787,1,TR 893,經濟艙,2843,2299,2588.0,120285.03,64,91
2025-02-13,星期四,晚上7:55,晚間班機,TPE,"凌晨12:40 (星期五, 2月 14)",凌晨抵達,SIN,中華航空,2,直達航班。,Non-stop,4 小時 45 分鐘,No,Airbus A330,1,CI 755,經濟艙,5562,5196,5502.0,56775.01,91,91
2025-02-13,星期四,清晨7:25,早晨班機,TPE,中午12:05,下午抵達,SIN,長榮航空,1,直達航班。,Non-stop,4 小時 40 分鐘,No,Boeing 777,1,BR 225,經濟艙,6214,5668,6186.0,122055.45,91,91
2025-02-14,星期五,上午8:20,早晨班機,TPE,下午1:05,下午抵達,SIN,中華航空,2,直達航班。,Non-stop,4 小時 45 分鐘,No,Airbus A350,1,CI 753,經濟艙,5930,5552,5846.0,65988.38,52,91
2025-02-14,星期五,上午8:45,早晨班機,TPE,下午1:25,下午抵達,SIN,星宇航空,0,直達航班。,Non-stop,4 小時 40 分鐘,No,Airbus A321neo,0,JX 771,經濟艙,5728,5173,5883.5,91152.41,91,60
2025-02-14,星期五,上午9:35,上午班機,TPE,下午2:30,下午抵達,SIN,長榮航空,1,直達航班。,Non-stop,4 小時 55 分鐘,No,Boeing 777,1,BR 215,經濟艙,6116,5669,6185.0,34343.71,91,91
2025-02-14,星期五,下午2:10,下午班機,TPE,下午6:55,晚間抵達,SIN,新加坡航空,1,直達航班。,Non-stop,4 小時 45 分鐘,No,Boeing 787,1,SQ 877,經濟艙,8136,8038,8142.0,571.62,91,90
2025-02-14,星期五,下午4:10,下午班機,TPE,晚上8:55,晚間抵達,SIN,酷航,4,直達航班。,Non-stop,4 小時 45 分鐘,No,Boeing 787,1,TR 899,經濟艙,3503,2399,3298.0,383320.36,29,91
2025-02-14,星期五,下午5:35,下午班機,TPE,晚上10:20,晚間抵達,SIN,新加坡航空,1,直達航班。,Non-stop,4 小時 45 分鐘,No,Boeing 787,1,SQ 879,經濟艙,8136,8038,8142.0,571.62,91,90
2025-02-14,星期五,凌晨12:20,凌晨班機,TPE,清晨5:05,凌晨抵達,SIN,酷航,4,直達航班。,Non-stop,4 小時 45 分鐘,No,Airbus A321neo,0,TR 875,經濟艙,3024,2399,2898.0,142956.42,23,91
2025-02-14,星期五,凌晨1:30,凌晨班機,TPE,清晨6:15,早晨抵達,SIN,酷航,4,直達航班。,Non-stop,4 小時 45 分鐘,No,Boeing 787,1,TR 897,經濟艙,3124,2399,3298.0,104547.17,29,91
2025-02-14,星期五,晚上7:55,晚間班機,TPE,"凌晨12:40 (星期六, 2月 15)",凌晨抵達,SIN,中華航空,2,直達航班。,Non-stop,4 小時 45 分鐘,No,Airbus A330,1,CI 755,經濟艙,5564,5197,5502.0,55675.89,91,91
2025-02-14,星期五,清晨7:25,早晨班機,TPE,中午12:05,下午抵達,SIN,長榮航空,1,直達航班。,Non-stop,4 小時 40 分鐘,No,Boeing 777,1,BR 225,經濟艙,6348,5669,6223.0,94887.74,91,91
2025-02-15,星期六,上午8:20,早晨班機,TPE,下午1:05,下午抵達,SIN,中華航空,2,直達航班。,Non-stop,4 小時 45 分鐘,No,Airbus A350,1,CI 753,經濟艙,5917,5552,5845.0,63986.47,53,91
2025-02-15,星期六,上午8:45,早晨班機,TPE,下午1:25,下午抵達,SIN,星宇航空,0,直達航班。,Non-stop,4 小時 40 分鐘,No,Airbus A321neo,0,JX 771,經濟艙,5853,5175,5884.0,113292.23,91,59
2025-02-15,星期六,上午9:35,上午班機,TPE,下午2:30,下午抵達,SIN,長榮航空,1,直達航班。,Non-stop,4 小時 55 分鐘,No,Boeing 777,1,BR 215,經濟艙,6106,5739,6183.0,25163.2,8,91
2025-02-15,星期六,下午2:10,下午班機,TPE,下午6:55,晚間抵達,SIN,新加坡航空,1,直達航班。,Non-stop,4 小時 45 分鐘,No,Boeing 787,1,SQ 877,經濟艙,10315,8039,9128.5,4918672.11,88,90
2025-02-15,星期六,下午4:10,下午班機,TPE,晚上8:55,晚間抵達,SIN,酷航,4,直達航班。,Non-stop,4 小時 45 分鐘,No,Boeing 787,1,TR 899,經濟艙,3787,2399,3798.0,391279.17,30,91
2025-02-15,星期六,下午5:35,下午班機,TPE,晚上10:20,晚間抵達,SIN,新加坡航空,1,直達航班。,Non-stop,4 小時 45 分鐘,No,Boeing 787,1,SQ 879,經濟艙,8203,8039,8143.0,22550.72,88,90
2025-02-15,星期六,凌晨12:20,凌晨班機,TPE,凌晨4:55,凌晨抵達,SIN,酷航,4,直達航班。,Non-stop,4 小時 35 分鐘,No,Airbus A321neo,0,TR 875,經濟艙,3345,2399,3298.0,281839.33,30,91
2025-02-15,星期六,凌晨1:30,凌晨班機,TPE,清晨6:15,早晨抵達,SIN,酷航,4,直達航班。,Non-stop,4 小時 45 分鐘,No,Boeing 787,1,TR 897,經濟艙,3616,2399,3798.0,367774.41,30,91
2025-02-15,星期六,晚上10:20,晚間班機,TPE,"凌晨3:05 (星期日, 2月 16)",凌晨抵達,SIN,酷航,4,直達航班。,Non-stop,4 小時 45 分鐘,No,Boeing 787,1,TR 893,經濟艙,3187,2299,3298.0,236724.63,65,91
2025-02-15,星期六,晚上7:55,晚間班機,TPE,"凌晨12:40 (星期日, 2月 16)",凌晨抵達,SIN,中華航空,2,直達航班。,Non-stop,4 小時 45 分鐘,No,Airbus A330,1,CI 755,經濟艙,5566,5219,5502.0,54568.75,53,91
2025-02-15,星期六,清晨7:25,早晨班機,TPE,中午12:05,下午抵達,SIN,長榮航空,1,直達航班。,Non-stop,4 小時 40 分鐘,No,Boeing 777,1,BR 225,經濟艙,6106,5739,6183.0,25163.2,8,91
2025-02-16,星期日,上午8:20,早晨班機,TPE,下午1:05,下午抵達,SIN,中華航空,2,直達航班。,Non-stop,4 小時 45 分鐘,No,Airbus A350,1,CI 753,經濟艙,5915,5552,5845.0,62722.28,54,91
2025-02-16,星期日,上午8:45,早晨班機,TPE,下午1:25,下午抵達,SIN,星宇航空,0,直達航班。,Non-stop,4 小時 40 分鐘,No,Airbus A321neo,0,JX 771,經濟艙,5671,5175,5884.0,80659.21,91,58
2025-02-16,星期日,上午9:35,上午班機,TPE,下午2:30,下午抵達,SIN,長榮航空,1,直達航班。,Non-stop,4 小時 55 分鐘,No,Boeing 777,1,BR 215,經濟艙,6318,5829,6189.0,261621.9,54,91
2025-02-16,星期日,下午2:10,下午班機,TPE,下午6:55,晚間抵達,SIN,新加坡航空,1,直達航班。,Non-stop,4 小時 45 分鐘,No,Boeing 787,1,SQ 877,經濟艙,11131,8039,9128.5,8773022.01,79,90
2025-02-16,星期日,下午4:10,下午班機,TPE,晚上8:55,晚間抵達,SIN,酷航,4,直達航班。,Non-stop,4 小時 45 分鐘,No,Boeing 787,1,TR 899,經濟艙,4214,3798,4398.0,160725.27,70,91
2025-02-16,星期日,下午5:35,下午班機,TPE,晚上10:20,晚間抵達,SIN,新加坡航空,1,直達航班。,Non-stop,4 小時 45 分鐘,No,Boeing 787,1,SQ 879,經濟艙,9442,8039,8532.0,3346758.88,89,90
2025-02-16,星期日,凌晨12:20,凌晨班機,TPE,清晨5:05,凌晨抵達,SIN,酷航,4,直達航班。,Non-stop,4 小時 45 分鐘,No,Airbus A321neo,0,TR 875,經濟艙,3260,2399,2898.0,440792.5,31,91
2025-02-16,星期日,凌晨1:30,凌晨班機,TPE,清晨6:15,早晨抵達,SIN,酷航,4,直達航班。,Non-stop,4 小時 45 分鐘,No,Boeing 787,1,TR 897,經濟艙,3051,2399,2898.0,173323.79,31,91
2025-02-16,星期日,晚上10:20,晚間班機,TPE,"凌晨3:05 (星期一, 2月 17)",凌晨抵達,SIN,酷航,4,直達航班。,Non-stop,4 小時 45 分鐘,No,Boeing 787,1,TR 893,經濟艙,3357,2399,3298.0,238978.38,31,91
2025-02-16,星期日,晚上7:55,晚間班機,TPE,"凌晨12:40 (星期一, 2月 17)",凌晨抵達,SIN,中華航空,2,直達航班。,Non-stop,4 小時 45 分鐘,No,Airbus A330,1,CI 755,經濟艙,5564,5219,5502.0,53217.4,54,91
2025-02-16,星期日,清晨7:25,早晨班機,TPE,中午12:05,下午抵達,SIN,長榮航空,1,直達航班。,Non-stop,4 小時 40 分鐘,No,Boeing 777,1,BR 225,經濟艙,6134,5739,6160.0,66439.26,9,91
2025-02-17,星期一,上午8:20,早晨班機,TPE,下午1:05,下午抵達,SIN,中華航空,2,直達航班。,Non-stop,4 小時 45 分鐘,No,Airbus A350,1,CI 753,經濟艙,5952,5552,6048.0,70003.43,55,91
2025-02-17,星期一,上午8:45,早晨班機,TPE,下午1:25,下午抵達,SIN,星宇航空,0,直達航班。,Non-stop,4 小時 40 分鐘,No,Airbus A321neo,0,JX 771,經濟艙,5957,5175,5912.0,205935.11,91,57
2025-02-17,星期一,上午9:35,上午班機,TPE,下午2:30,下午抵達,SIN,長榮航空,1,直達航班。,Non-stop,4 小時 55 分鐘,No,Boeing 777,1,BR 215,經濟艙,6399,5829,6189.0,632219.95,55,91
2025-02-17,星期一,下午2:10,下午班機,TPE,下午6:55,晚間抵達,SIN,新加坡航空,1,直達航班。,Non-stop,4 小時 45 分鐘,No,Boeing 787,1,SQ 877,經濟艙,8148,8039,8143.0,3801.08,90,90
2025-02-17,星期一,下午4:10,下午班機,TPE,晚上8:55,晚間抵達,SIN,酷航,4,直達航班。,Non-stop,4 小時 45 分鐘,No,Boeing 787,1,TR 899,經濟艙,3790,2898,3798.0,155829.06,45,91
2025-02-17,星期一,下午5:35,下午班機,TPE,晚上10:20,晚間抵達,SIN,新加坡航空,1,直達航班。,Non-stop,4 小時 45 分鐘,No,Boeing 787,1,SQ 879,經濟艙,8153,8039,8143.0,5380.3,90,90
2025-02-17,星期一,凌晨1:30,凌晨班機,TPE,清晨6:15,早晨抵達,SIN,酷航,4,直達航班。,Non-stop,4 小時 45 分鐘,No,Boeing 787,1,TR 897,經濟艙,4030,2399,3798.0,1624028.12,32,91
2025-02-17,星期一,晚上7:55,晚間班機,TPE,"凌晨12:40 (星期二, 2月 18)",凌晨抵達,SIN,中華航空,2,直達航班。,Non-stop,4 小時 45 分鐘,No,Airbus A330,1,CI 755,經濟艙,5699,5219,5784.0,181289.21,55,91
2025-02-17,星期一,清晨7:25,早晨班機,TPE,中午12:05,下午抵達,SIN,長榮航空,1,直達航班。,Non-stop,4 小時 40 分鐘,No,Boeing 777,1,BR 225,經濟艙,6197,5780,6186.0,78317.97,9,91
2025-02-18,星期二,上午8:20,早晨班機,TPE,下午1:05,下午抵達,SIN,中華航空,2,直達航班。,Non-stop,4 小時 45 分鐘,No,Airbus A350,1,CI 753,經濟艙,5919,5552,5845.0,61048.39,56,91
2025-02-18,星期二,上午8:25,早晨班機,TPE,下午1:25,下午抵達,SIN,星宇航空,0,直達航班。,Non-stop,5 小時,No,Airbus A321neo,0,JX 771,經濟艙,5727,5327,5897.0,86248.26,25,35
2025-02-18,星期二,上午8:45,早晨班機,TPE,下午1:25,下午抵達,SIN,星宇航空,0,直達航班。,Non-stop,4 小時 40 分鐘,No,Airbus A321neo,0,JX 771,經濟艙,5979,5278,6320.0,174270.95,54,56
2025-02-18,星期二,上午9:35,上午班機,TPE,下午2:30,下午抵達,SIN,長榮航空,1,直達航班。,Non-stop,4 小時 55 分鐘,No,Boeing 777,1,BR 215,經濟艙,6096,5739,6133.0,26686.01,11,91
2025-02-18,星期二,下午2:10,下午班機,TPE,下午6:55,晚間抵達,SIN,新加坡航空,1,直達航班。,Non-stop,4 小時 45 分鐘,No,Boeing 787,1,SQ 877,經濟艙,8141,8039,8143.0,132.76,91,89
2025-02-18,星期二,下午4:10,下午班機,TPE,晚上8:55,晚間抵達,SIN,酷航,4,直達航班。,Non-stop,4 小時 45 分鐘,No,Boeing 787,1,TR 899,經濟艙,3441,2399,3798.0,196697.63,31,91
2025-02-18,星期二,下午5:35,下午班機,TPE,晚上10:20,晚間抵達,SIN,新加坡航空,1,直達航班。,Non-stop,4 小時 45 分鐘,No,Boeing 787,1,SQ 879,經濟艙,8141,8039,8143.0,132.76,91,89
2025-02-18,星期二,凌晨12:20,凌晨班機,TPE,清晨5:05,凌晨抵達,SIN,酷航,4,直達航班。,Non-stop,4 小時 45 分鐘,No,Airbus A321neo,0,TR 875,經濟艙,2843,2399,2898.0,89906.76,32,91
2025-02-18,星期二,凌晨1:30,凌晨班機,TPE,清晨6:15,早晨抵達,SIN,酷航,4,直達航班。,Non-stop,4 小時 45 分鐘,No,Boeing 787,1,TR 897,經濟艙,2820,2399,2898.0,85510.67,84,91
2025-02-18,星期二,晚上10:20,晚間班機,TPE,"凌晨3:05 (星期三, 2月 19)",凌晨抵達,SIN,酷航,4,直達航班。,Non-stop,4 小時 45 分鐘,No,Boeing 787,1,TR 893,經濟艙,2819,2299,2588.0,1552872.33,68,91
2025-02-18,星期二,晚上7:55,晚間班機,TPE,"凌晨12:40 (星期三, 2月 19)",凌晨抵達,SIN,中華航空,2,直達航班。,Non-stop,4 小時 45 分鐘,No,Airbus A330,1,CI 755,經濟艙,5571,5219,5502.0,51734.37,56,91
2025-02-18,星期二,清晨7:25,早晨班機,TPE,中午12:05,下午抵達,SIN,長榮航空,1,直達航班。,Non-stop,4 小時 40 分鐘,No,Boeing 777,1,BR 225,經濟艙,6096,5739,6133.0,26686.01,11,91
2025-02-19,星期三,上午8:20,早晨班機,TPE,下午1:05,下午抵達,SIN,中華航空,2,直達航班。,Non-stop,4 小時 45 分鐘,No,Airbus A350,1,CI 753,經濟艙,5910,5552,5844.0,62421.52,57,91
2025-02-19,星期三,上午8:25,早晨班機,TPE,下午1:25,下午抵達,SIN,星宇航空,0,直達航班。,Non-stop,5 小時,No,Airbus A321neo,0,JX 771,經濟艙,5854,5330,5898.0,33269.39,16,36
2025-02-19,星期三,上午8:45,早晨班機,TPE,下午1:25,下午抵達,SIN,星宇航空,0,直達航班。,Non-stop,4 小時 40 分鐘,No,Airbus A321neo,0,JX 771,經濟艙,5685,5278,5884.0,74773.02,56,55
2025-02-19,星期三,上午9:35,上午班機,TPE,下午2:30,下午抵達,SIN,長榮航空,1,直達航班。,Non-stop,4 小時 55 分鐘,No,Boeing 777,1,BR 215,經濟艙,6236,5739,6186.0,168490.6,12,90
2025-02-19,星期三,下午2:10,下午班機,TPE,下午6:55,晚間抵達,SIN,新加坡航空,1,直達航班。,Non-stop,4 小時 45 分鐘,No,Boeing 787,1,SQ 877,經濟艙,8142,8136,8143.0,13.21,90,88
2025-02-19,星期三,下午4:10,下午班機,TPE,晚上8:55,晚間抵達,SIN,酷航,4,直達航班。,Non-stop,4 小時 45 分鐘,No,Boeing 787,1,TR 899,經濟艙,3522,2399,3298.0,281728.62,33,91
2025-02-19,星期三,下午5:35,下午班機,TPE,晚上10:20,晚間抵達,SIN,新加坡航空,1,直達航班。,Non-stop,4 小時 45 分鐘,No,Boeing 787,1,SQ 879,經濟艙,8142,8136,8143.0,13.21,90,88
2025-02-19,星期三,凌晨12:20,凌晨班機,TPE,清晨5:05,凌晨抵達,SIN,酷航,4,直達航班。,Non-stop,4 小時 45 分鐘,No,Airbus A321neo,0,TR 875,經濟艙,2677,2299,2588.0,57717.69,70,91
2025-02-19,星期三,凌晨1:30,凌晨班機,TPE,清晨6:15,早晨抵達,SIN,酷航,4,直達航班。,Non-stop,4 小時 45 分鐘,No,Boeing 787,1,TR 897,經濟艙,2552,2299,2588.0,7456.76,70,91
2025-02-19,星期三,清晨7:25,早晨班機,TPE,中午12:05,下午抵達,SIN,長榮航空,1,直達航班。,Non-stop,4 小時 40 分鐘,No,Boeing 777,1,BR 225,經濟艙,6090,5739,6131.0,27311.87,12,90
2025-02-20,星期四,上午8:20,早晨班機,TPE,下午1:05,下午抵達,SIN,中華航空,2,直達航班。,Non-stop,4 小時 45 分鐘,No,Airbus A350,1,CI 753,經濟艙,5904,5552,5840.0,62308.52,58,91
2025-02-20,星期四,上午8:25,早晨班機,TPE,下午1:25,下午抵達,SIN,星宇航空,0,直達航班。,Non-stop,5 小時,No,Airbus A321neo,0,JX 771,經濟艙,6496,5714,6335.0,421582.62,27,37
2025-02-20,星期四,上午8:45,早晨班機,TPE,下午1:25,下午抵達,SIN,星宇航空,0,直達航班。,Non-stop,4 小時 40 分鐘,No,Airbus A321neo,0,JX 771,經濟艙,5680,5278,5884.0,75190.25,57,54
2025-02-20,星期四,上午9:35,上午班機,TPE,下午2:30,下午抵達,SIN,長榮航空,1,直達航班。,Non-stop,4 小時 55 分鐘,No,Boeing 777,1,BR 215,經濟艙,6088,5739,6131.0,27721.2,13,91
2025-02-20,星期四,下午2:10,下午班機,TPE,下午6:55,晚間抵達,SIN,新加坡航空,1,直達航班。,Non-stop,4 小時 45 分鐘,No,Boeing 787,1,SQ 877,經濟艙,8151,8136,8143.0,3380.67,91,89
2025-02-20,星期四,下午4:10,下午班機,TPE,晚上8:55,晚間抵達,SIN,酷航,4,直達航班。,Non-stop,4 小時 45 分鐘,No,Boeing 787,1,TR 899,經濟艙,2972,2399,2898.0,88169.6,86,91
2025-02-20,星期四,下午5:35,下午班機,TPE,晚上10:20,晚間抵達,SIN,新加坡航空,1,直達航班。,Non-stop,4 小時 45 分鐘,No,Boeing 787,1,SQ 879,經濟艙,8761,8136,8146.0,2616189.79,91,89
2025-02-20,星期四,凌晨1:30,凌晨班機,TPE,清晨6:15,早晨抵達,SIN,酷航,4,直達航班。,Non-stop,4 小時 45 分鐘,No,Boeing 787,1,TR 897,經濟艙,3223,2399,3298.0,200606.89,35,91
2025-02-20,星期四,晚上10:20,晚間班機,TPE,"凌晨3:05 (星期五, 2月 21)",凌晨抵達,SIN,酷航,4,直達航班。,Non-stop,4 小時 45 分鐘,No,Boeing 787,1,TR 893,經濟艙,2774,2399,2588.0,157990.58,35,91
2025-02-20,星期四,晚上7:55,晚間班機,TPE,"凌晨12:40 (星期五, 2月 21)",凌晨抵達,SIN,中華航空,2,直達航班。,Non-stop,4 小時 45 分鐘,No,Airbus A330,1,CI 755,經濟艙,5559,5219,5497.0,51043.47,58,91
2025-02-20,星期四,清晨7:25,早晨班機,TPE,中午12:05,下午抵達,SIN,長榮航空,1,直達航班。,Non-stop,4 小時 40 分鐘,No,Boeing 777,1,BR 225,經濟艙,6088,5739,6131.0,27721.2,13,91
2025-02-21,星期五,上午8:20,早晨班機,TPE,下午1:05,下午抵達,SIN,中華航空,2,直達航班。,Non-stop,4 小時 45 分鐘,No,Airbus A350,1,CI 753,經濟艙,5903,5552,5840.0,60789.05,59,91
2025-02-21,星期五,上午8:25,早晨班機,TPE,下午1:25,下午抵達,SIN,星宇航空,0,直達航班。,Non-stop,5 小時,No,Airbus A321neo,0,JX 771,經濟艙,6076,5714,5960.5,96053.1,28,38
2025-02-21,星期五,上午8:45,早晨班機,TPE,下午1:25,下午抵達,SIN,星宇航空,0,直達航班。,Non-stop,4 小時 40 分鐘,No,Airbus A321neo,0,JX 771,經濟艙,5725,5278,5884.0,107314.78,58,53
2025-02-21,星期五,上午9:35,上午班機,TPE,下午2:30,下午抵達,SIN,長榮航空,1,直達航班。,Non-stop,4 小時 55 分鐘,No,Boeing 777,1,BR 215,經濟艙,6387,5829,6189.0,349960.04,59,91
2025-02-21,星期五,下午2:10,下午班機,TPE,下午6:55,晚間抵達,SIN,新加坡航空,1,直達航班。,Non-stop,4 小時 45 分鐘,No,Boeing 787,1,SQ 877,經濟艙,10268,8529,9127.0,7461879.95,77,79
2025-02-21,星期五,下午4:10,下午班機,TPE,晚上8:55,晚間抵達,SIN,酷航,4,直達航班。,Non-stop,4 小時 45 分鐘,No,Boeing 787,1,TR 899,經濟艙,3927,2399,3798.0,556918.42,36,91
2025-02-21,星期五,下午5:35,下午班機,TPE,晚上10:20,晚間抵達,SIN,新加坡航空,1,直達航班。,Non-stop,4 小時 45 分鐘,No,Boeing 787,1,SQ 879,經濟艙,10072,9120,9127.5,2564370.65,77,78
2025-02-21,星期五,凌晨12:20,凌晨班機,TPE,清晨5:05,凌晨抵達,SIN,酷航,4,直達航班。,Non-stop,4 小時 45 分鐘,No,Airbus A321neo,0,TR 875,經濟艙,2789,2299,2588.0,97001.09,71,91
2025-02-21,星期五,凌晨1:30,凌晨班機,TPE,清晨6:15,早晨抵達,SIN,酷航,4,直達航班。,Non-stop,4 小時 45 分鐘,No,Boeing 787,1,TR 897,經濟艙,2915,2399,2898.0,78377.16,36,91
2025-02-21,星期五,晚上7:55,晚間班機,TPE,"凌晨12:40 (星期六, 2月 22)",凌晨抵達,SIN,中華航空,2,直達航班。,Non-stop,4 小時 45 分鐘,No,Airbus A330,1,CI 755,經濟艙,5554,5219,5497.0,50864.35,59,91
2025-02-21,星期五,清晨7:25,早晨班機,TPE,中午12:05,下午抵達,SIN,長榮航空,1,直達航班。,Non-stop,4 小時 40 分鐘,No,Boeing 777,1,BR 225,經濟艙,6085,5739,6130.0,28060.64,14,91
2025-02-22,星期六,上午8:20,早晨班機,TPE,下午1:05,下午抵達,SIN,中華航空,2,直達航班。,Non-stop,4 小時 45 分鐘,No,Airbus A350,1,CI 753,經濟艙,5903,5552,5840.0,59268.7,60,91
2025-02-22,星期六,上午8:25,早晨班機,TPE,下午1:25,下午抵達,SIN,星宇航空,0,直達航班。,Non-stop,5 小時,No,Airbus A321neo,0,JX 771,經濟艙,6236,5327,5900.0,356937.11,29,39
2025-02-22,星期六,上午8:45,早晨班機,TPE,下午1:25,下午抵達,SIN,星宇航空,0,直達航班。,Non-stop,4 小時 40 分鐘,No,Airbus A321neo,0,JX 771,經濟艙,5811,5278,5884.0,140544.55,59,52
2025-02-22,星期六,上午9:35,上午班機,TPE,下午2:30,下午抵達,SIN,長榮航空,1,直達航班。,Non-stop,4 小時 55 分鐘,No,Boeing 777,1,BR 215,經濟艙,6381,5829,6189.0,467553.42,60,91
2025-02-22,星期六,下午2:10,下午班機,TPE,下午6:55,晚間抵達,SIN,新加坡航空,1,直達航班。,Non-stop,4 小時 45 分鐘,No,Boeing 787,1,SQ 877,經濟艙,10255,8529,9122.5,7293765.54,78,66
2025-02-22,星期六,下午4:10,下午班機,TPE,晚上8:55,晚間抵達,SIN,酷航,4,直達航班。,Non-stop,4 小時 45 分鐘,No,Boeing 787,1,TR 899,經濟艙,4133,2399,4398.0,444856.27,35,91
2025-02-22,星期六,下午5:35,下午班機,TPE,晚上10:20,晚間抵達,SIN,新加坡航空,1,直達航班。,Non-stop,4 小時 45 分鐘,No,Boeing 787,1,SQ 879,經濟艙,11412,8532,10007.5,8116600.55,64,88
2025-02-22,星期六,凌晨12:20,凌晨班機,TPE,凌晨4:55,凌晨抵達,SIN,酷航,4,直達航班。,Non-stop,4 小時 35 分鐘,No,Airbus A321neo,0,TR 875,經濟艙,3309,2399,3298.0,172844.96,37,91
2025-02-22,星期六,凌晨1:30,凌晨班機,TPE,清晨6:15,早晨抵達,SIN,酷航,4,直達航班。,Non-stop,4 小時 45 分鐘,No,Boeing 787,1,TR 897,經濟艙,3200,2399,3298.0,220899.33,36,91
2025-02-22,星期六,晚上10:20,晚間班機,TPE,"凌晨3:05 (星期日, 2月 23)",凌晨抵達,SIN,酷航,4,直達航班。,Non-stop,4 小時 45 分鐘,No,Boeing 787,1,TR 893,經濟艙,3353,2399,3298.0,207104.58,37,91
2025-02-22,星期六,晚上7:55,晚間班機,TPE,"凌晨12:40 (星期日, 2月 23)",凌晨抵達,SIN,中華航空,2,直達航班。,Non-stop,4 小時 45 分鐘,No,Airbus A330,1,CI 755,經濟艙,6087,5282,5823.0,472377.74,77,91
2025-02-22,星期六,清晨7:25,早晨班機,TPE,中午12:05,下午抵達,SIN,長榮航空,1,直達航班。,Non-stop,4 小時 40 分鐘,No,Boeing 777,1,BR 225,經濟艙,6106,5739,6131.0,46244.85,15,91
2025-02-23,星期日,上午8:20,早晨班機,TPE,下午1:05,下午抵達,SIN,中華航空,2,直達航班。,Non-stop,4 小時 45 分鐘,No,Airbus A350,1,CI 753,經濟艙,5889,5552,5840.0,61654.85,61,91
2025-02-23,星期日,上午8:40,早晨班機,TPE,下午1:25,下午抵達,SIN,星宇航空,0,直達航班。,Non-stop,4 小時 45 分鐘,No,Airbus A321neo,0,JX 771,經濟艙,7107,6336,7148.0,481628.19,38,40
2025-02-23,星期日,上午8:45,早晨班機,TPE,下午1:25,下午抵達,SIN,星宇航空,0,直達航班。,Non-stop,4 小時 40 分鐘,No,Airbus A321neo,0,JX 771,經濟艙,6397,5660,6336.0,329949.76,60,51
2025-02-23,星期日,上午9:35,上午班機,TPE,下午2:30,下午抵達,SIN,長榮航空,1,直達航班。,Non-stop,4 小時 55 分鐘,No,Boeing 777,1,BR 215,經濟艙,6431,5829,6189.0,535645.98,61,91
2025-02-23,星期日,下午2:10,下午班機,TPE,下午6:55,晚間抵達,SIN,新加坡航空,1,直達航班。,Non-stop,4 小時 45 分鐘,No,Boeing 787,1,SQ 877,經濟艙,12572,8529,9127.5,26297455.63,79,78
2025-02-23,星期日,下午4:10,下午班機,TPE,晚上8:55,晚間抵達,SIN,酷航,4,直達航班。,Non-stop,4 小時 45 分鐘,No,Boeing 787,1,TR 899,經濟艙,5145,4998,4998.0,93867.16,91,91
2025-02-23,星期日,下午5:35,下午班機,TPE,晚上10:20,晚間抵達,SIN,新加坡航空,1,直達航班。,Non-stop,4 小時 45 分鐘,No,Boeing 787,1,SQ 879,經濟艙,11295,8139,10995.0,15330090.71,90,85
2025-02-23,星期日,凌晨12:20,凌晨班機,TPE,清晨5:05,凌晨抵達,SIN,酷航,4,直達航班。,Non-stop,4 小時 45 分鐘,No,Airbus A321neo,0,TR 875,經濟艙,3364,2399,3298.0,155518.58,36,91
2025-02-23,星期日,凌晨1:30,凌晨班機,TPE,清晨6:15,早晨抵達,SIN,酷航,4,直達航班。,Non-stop,4 小時 45 分鐘,No,Boeing 787,1,TR 897,經濟艙,3681,2399,3298.0,451866.78,32,91
2025-02-23,星期日,晚上10:20,晚間班機,TPE,"凌晨3:05 (星期一, 2月 24)",凌晨抵達,SIN,酷航,4,直達航班。,Non-stop,4 小時 45 分鐘,No,Boeing 787,1,TR 893,經濟艙,3612,3298,3798.0,66349.21,90,91
2025-02-23,星期日,晚上7:55,晚間班機,TPE,"凌晨12:40 (星期一, 2月 24)",凌晨抵達,SIN,中華航空,2,直達航班。,Non-stop,4 小時 45 分鐘,No,Airbus A330,1,CI 755,經濟艙,6259,5219,5787.0,2000906.44,61,91
2025-02-23,星期日,清晨7:25,早晨班機,TPE,中午12:05,下午抵達,SIN,長榮航空,1,直達航班。,Non-stop,4 小時 40 分鐘,No,Boeing 777,1,BR 225,經濟艙,6083,5739,6129.0,28873.73,16,91
2025-02-24,星期一,上午8:20,早晨班機,TPE,下午1:05,下午抵達,SIN,中華航空,2,直達航班。,Non-stop,4 小時 45 分鐘,No,Airbus A350,1,CI 753,經濟艙,5883,5552,5836.0,61312.7,62,91
2025-02-24,星期一,上午8:25,早晨班機,TPE,下午1:25,下午抵達,SIN,星宇航空,0,直達航班。,Non-stop,5 小時,No,Airbus A321neo,0,JX 771,經濟艙,5874,5327,5900.0,113930.57,31,41
2025-02-24,星期一,上午8:45,早晨班機,TPE,下午1:25,下午抵達,SIN,星宇航空,0,直達航班。,Non-stop,4 小時 40 分鐘,No,Airbus A321neo,0,JX 771,經濟艙,5670,5278,5883.5,76846.98,61,50
2025-02-24,星期一,上午9:35,上午班機,TPE,下午2:30,下午抵達,SIN,長榮航空,1,直達航班。,Non-stop,4 小時 55 分鐘,No,Boeing 777,1,BR 215,經濟艙,6085,5739,6129.0,29375.69,17,91
2025-02-24,星期一,下午2:10,下午班機,TPE,下午6:55,晚間抵達,SIN,新加坡航空,1,直達航班。,Non-stop,4 小時 45 分鐘,No,Boeing 787,1,SQ 877,經濟艙,9366,8136,8536.0,2333807.82,76,89
2025-02-24,星期一,下午4:10,下午班機,TPE,晚上8:55,晚間抵達,SIN,酷航,4,直達航班。,Non-stop,4 小時 45 分鐘,No,Boeing 787,1,TR 899,經濟艙,4836,4398,4998.0,223282.05,91,91
2025-02-24,星期一,下午5:35,下午班機,TPE,晚上10:20,晚間抵達,SIN,新加坡航空,1,直達航班。,Non-stop,4 小時 45 分鐘,No,Boeing 787,1,SQ 879,經濟艙,9344,8136,8538.0,3306917.62,80,89
2025-02-24,星期一,凌晨1:30,凌晨班機,TPE,清晨6:15,早晨抵達,SIN,酷航,4,直達航班。,Non-stop,4 小時 45 分鐘,No,Boeing 787,1,TR 897,經濟艙,3897,2399,3798.0,269612.42,14,91
2025-02-24,星期一,清晨7:25,早晨班機,TPE,中午12:05,下午抵達,SIN,長榮航空,1,直達航班。,Non-stop,4 小時 40 分鐘,No,Boeing 777,1,BR 225,經濟艙,6100,5739,6129.0,47053.71,17,91
2025-02-25,星期二,上午8:20,早晨班機,TPE,下午1:05,下午抵達,SIN,中華航空,2,直達航班。,Non-stop,4 小時 45 分鐘,No,Airbus A350,1,CI 753,經濟艙,5878,5552,5836.0,60914.28,63,91
2025-02-25,星期二,上午8:25,早晨班機,TPE,下午1:25,下午抵達,SIN,星宇航空,0,直達航班。,Non-stop,5 小時,No,Airbus A321neo,0,JX 771,經濟艙,6248,5714,6338.0,162272.75,32,42
2025-02-25,星期二,上午8:45,早晨班機,TPE,下午1:25,下午抵達,SIN,星宇航空,0,直達航班。,Non-stop,4 小時 40 分鐘,No,Airbus A321neo,0,JX 771,經濟艙,6083,5660,6320.0,91649.99,62,49
2025-02-25,星期二,上午9:35,上午班機,TPE,下午2:30,下午抵達,SIN,長榮航空,1,直達航班。,Non-stop,4 小時 55 分鐘,No,Boeing 777,1,BR 215,經濟艙,6397,5739,6190.0,287965.79,18,91
2025-02-25,星期二,下午2:10,下午班機,TPE,下午6:55,晚間抵達,SIN,新加坡航空,1,直達航班。,Non-stop,4 小時 45 分鐘,No,Boeing 787,1,SQ 877,經濟艙,8895,8136,8536.0,1874096.12,80,89
2025-02-25,星期二,下午4:10,下午班機,TPE,晚上8:55,晚間抵達,SIN,酷航,4,直達航班。,Non-stop,4 小時 45 分鐘,No,Boeing 787,1,TR 899,經濟艙,4253,2898,4398.0,100058.61,19,91
2025-02-25,星期二,下午5:35,下午班機,TPE,晚上10:20,晚間抵達,SIN,新加坡航空,1,直達航班。,Non-stop,4 小時 45 分鐘,No,Boeing 787,1,SQ 879,經濟艙,9174,8138,8536.0,3124304.84,73,89
2025-02-25,星期二,凌晨12:20,凌晨班機,TPE,清晨5:05,凌晨抵達,SIN,酷航,4,直達航班。,Non-stop,4 小時 45 分鐘,No,Airbus A321neo,0,TR 875,經濟艙,3620,2588,3798.0,177517.58,23,91
2025-02-25,星期二,凌晨1:30,凌晨班機,TPE,清晨6:15,早晨抵達,SIN,酷航,4,直達航班。,Non-stop,4 小時 45 分鐘,No,Boeing 787,1,TR 897,經濟艙,3877,2399,3798.0,225604.61,40,91
2025-02-25,星期二,晚上10:20,晚間班機,TPE,"凌晨3:05 (星期三, 2月 26)",凌晨抵達,SIN,酷航,4,直達航班。,Non-stop,4 小時 45 分鐘,No,Boeing 787,1,TR 893,經濟艙,3639,2898,3298.0,1455849.69,55,91
2025-02-25,星期二,清晨7:25,早晨班機,TPE,中午12:05,下午抵達,SIN,長榮航空,1,直達航班。,Non-stop,4 小時 40 分鐘,No,Boeing 777,1,BR 225,經濟艙,6086,5739,6129.0,29873.39,18,91
2025-02-26,星期三,上午8:20,早晨班機,TPE,下午1:05,下午抵達,SIN,中華航空,2,直達航班。,Non-stop,4 小時 45 分鐘,No,Airbus A350,1,CI 753,經濟艙,6315,5552,6151.0,892811.53,64,91
2025-02-26,星期三,上午8:25,早晨班機,TPE,下午1:25,下午抵達,SIN,星宇航空,0,直達航班。,Non-stop,5 小時,No,Airbus A321neo,0,JX 771,經濟艙,7298,7207,7256.0,19694.97,34,43
2025-02-26,星期三,上午8:45,早晨班機,TPE,下午1:25,下午抵達,SIN,星宇航空,0,直達航班。,Non-stop,4 小時 40 分鐘,No,Airbus A321neo,0,JX 771,經濟艙,7141,6674,7197.0,26229.83,82,48
2025-02-26,星期三,上午9:35,上午班機,TPE,下午2:30,下午抵達,SIN,長榮航空,1,直達航班。,Non-stop,4 小時 55 分鐘,No,Boeing 777,1,BR 215,經濟艙,6341,5739,6189.0,299669.74,19,91
2025-02-26,星期三,下午2:10,下午班機,TPE,下午6:55,晚間抵達,SIN,新加坡航空,1,直達航班。,Non-stop,4 小時 45 分鐘,No,Boeing 787,1,SQ 877,經濟艙,8636,8138,8536.0,638776.56,69,89
2025-02-26,星期三,下午4:10,下午班機,TPE,晚上8:55,晚間抵達,SIN,酷航,4,直達航班。,Non-stop,4 小時 45 分鐘,No,Boeing 787,1,TR 899,經濟艙,4182,3298,4398.0,241391.94,85,91
2025-02-26,星期三,下午5:35,下午班機,TPE,晚上10:20,晚間抵達,SIN,新加坡航空,1,直達航班。,Non-stop,4 小時 45 分鐘,No,Boeing 787,1,SQ 879,經濟艙,8984,8138,8536.0,1939648.78,69,89
2025-02-26,星期三,凌晨12:20,凌晨班機,TPE,清晨5:05,凌晨抵達,SIN,酷航,4,直達航班。,Non-stop,4 小時 45 分鐘,No,Airbus A321neo,0,TR 875,經濟艙,3805,2898,3298.0,883712.43,85,91
2025-02-26,星期三,凌晨1:30,凌晨班機,TPE,清晨6:15,早晨抵達,SIN,酷航,4,直達航班。,Non-stop,4 小時 45 分鐘,No,Boeing 787,1,TR 897,經濟艙,3372,2399,3298.0,353719.52,36,91
2025-02-26,星期三,晚上7:55,晚間班機,TPE,"凌晨12:40 (星期四, 2月 27)",凌晨抵達,SIN,中華航空,2,直達航班。,Non-stop,4 小時 45 分鐘,No,Airbus A330,1,CI 755,經濟艙,5531,5219,5488.0,49199.47,64,91
2025-02-26,星期三,清晨7:25,早晨班機,TPE,中午12:05,下午抵達,SIN,長榮航空,1,直達航班。,Non-stop,4 小時 40 分鐘,No,Boeing 777,1,BR 225,經濟艙,6088,5739,6129.0,30374.99,19,91
2025-02-27,星期四,上午8:20,早晨班機,TPE,下午1:05,下午抵達,SIN,中華航空,2,直達航班。,Non-stop,4 小時 45 分鐘,No,Airbus A350,1,CI 753,經濟艙,9208,5552,8072.0,17454058.64,65,90
2025-02-27,星期四,上午8:25,早晨班機,TPE,下午1:25,下午抵達,SIN,星宇航空,0,直達航班。,Non-stop,5 小時,No,Airbus A321neo,0,JX 771,經濟艙,9068,7646,8832.5,1789045.33,36,44
2025-02-27,星期四,上午8:45,早晨班機,TPE,下午1:25,下午抵達,SIN,星宇航空,0,直達航班。,Non-stop,4 小時 40 分鐘,No,Airbus A321neo,0,JX 771,經濟艙,7981,7156,7818.0,259790.9,59,47
2025-02-27,星期四,上午9:35,上午班機,TPE,下午2:30,下午抵達,SIN,長榮航空,1,直達航班。,Non-stop,4 小時 55 分鐘,No,Boeing 777,1,BR 215,經濟艙,9202,6126,9483.0,8396434.26,82,91
2025-02-27,星期四,下午2:10,下午班機,TPE,下午6:55,晚間抵達,SIN,新加坡航空,1,直達航班。,Non-stop,4 小時 45 分鐘,No,Boeing 787,1,SQ 877,經濟艙,9618,8138,8537.0,5463413.3,72,89
2025-02-27,星期四,下午4:10,下午班機,TPE,晚上8:55,晚間抵達,SIN,酷航,4,直達航班。,Non-stop,4 小時 45 分鐘,No,Boeing 787,1,TR 899,經濟艙,4428,3298,4398.0,813353.33,89,91
2025-02-27,星期四,下午5:35,下午班機,TPE,晚上10:20,晚間抵達,SIN,新加坡航空,1,直達航班。,Non-stop,4 小時 45 分鐘,No,Boeing 787,1,SQ 879,經濟艙,9228,8432,8538.0,2661654.89,91,83
2025-02-27,星期四,凌晨1:30,凌晨班機,TPE,清晨6:15,早晨抵達,SIN,酷航,4,直達航班。,Non-stop,4 小時 45 分鐘,No,Boeing 787,1,TR 897,經濟艙,4783,3798,4398.0,974727.47,86,91
2025-02-27,星期四,晚上10:20,晚間班機,TPE,"凌晨3:05 (星期五, 2月 28)",凌晨抵達,SIN,酷航,4,直達航班。,Non-stop,4 小時 45 分鐘,No,Boeing 787,1,TR 893,經濟艙,4167,2898,3798.0,890409.01,76,91
2025-02-27,星期四,清晨7:25,早晨班機,TPE,中午12:05,下午抵達,SIN,長榮航空,1,直達航班。,Non-stop,4 小時 40 分鐘,No,Boeing 777,1,BR 225,經濟艙,10029,6126,9484.0,9323643.79,82,88
2025-02-28,星期五,上午8:20,早晨班機,TPE,下午1:05,下午抵達,SIN,中華航空,2,直達航班。,Non-stop,4 小時 45 分鐘,No,Airbus A350,1,CI 753,經濟艙,9355,6344,9369.0,5541756.63,88,90
2025-02-28,星期五,上午8:25,早晨班機,TPE,下午1:25,下午抵達,SIN,星宇航空,0,直達航班。,Non-stop,5 小時,No,Airbus A321neo,0,JX 771,經濟艙,11143,8772,8833.0,17716984.47,36,43
2025-02-28,星期五,上午8:45,早晨班機,TPE,下午1:25,下午抵達,SIN,星宇航空,0,直達航班。,Non-stop,4 小時 40 分鐘,No,Airbus A321neo,0,JX 771,經濟艙,8972,8104,8479.0,872758.66,84,46
2025-02-28,星期五,上午9:35,上午班機,TPE,下午2:30,下午抵達,SIN,長榮航空,1,直達航班。,Non-stop,4 小時 55 分鐘,No,Boeing 777,1,BR 215,經濟艙,10902,6186,11078.0,7506810.43,91,91
2025-02-28,星期五,下午2:10,下午班機,TPE,下午6:55,晚間抵達,SIN,新加坡航空,1,直達航班。,Non-stop,4 小時 45 分鐘,No,Boeing 787,1,SQ 877,經濟艙,9814,8435,8539.0,6022301.27,86,82
2025-02-28,星期五,下午4:10,下午班機,TPE,晚上8:55,晚間抵達,SIN,酷航,4,直達航班。,Non-stop,4 小時 45 分鐘,No,Boeing 787,1,TR 899,經濟艙,4349,2898,3798.0,1059784.91,73,91
2025-02-28,星期五,下午5:35,下午班機,TPE,晚上10:20,晚間抵達,SIN,新加坡航空,1,直達航班。,Non-stop,4 小時 45 分鐘,No,Boeing 787,1,SQ 879,經濟艙,8872,8146,8536.0,1109519.72,41,89
2025-02-28,星期五,凌晨12:20,凌晨班機,TPE,清晨5:05,凌晨抵達,SIN,酷航,4,直達航班。,Non-stop,4 小時 45 分鐘,No,Airbus A321neo,0,TR 875,經濟艙,4585,3298,4398.0,965070.43,91,91
2025-02-28,星期五,凌晨1:30,凌晨班機,TPE,清晨6:15,早晨抵達,SIN,酷航,4,直達航班。,Non-stop,4 小時 45 分鐘,No,Boeing 787,1,TR 897,經濟艙,4602,3298,3798.0,1650629.04,91,91
2025-02-28,星期五,晚上7:55,晚間班機,TPE,"凌晨12:40 (星期六, 3月 1)",凌晨抵達,SIN,中華航空,2,直達航班。,Non-stop,4 小時 45 分鐘,No,Airbus A330,1,CI 755,經濟艙,5524,5219,5477.0,47807.03,66,91
2025-02-28,星期五,清晨7:25,早晨班機,TPE,中午12:05,下午抵達,SIN,長榮航空,1,直達航班。,Non-stop,4 小時 40 分鐘,No,Boeing 777,1,BR 225,經濟艙,11234,7541,11302.0,4931517.98,83,91
2025-03-01,星期六,上午8:20,早晨班機,TPE,下午1:05,下午抵達,SIN,中華航空,2,直達航班。,Non-stop,4 小時 45 分鐘,No,Airbus A350,1,CI 753,經濟艙,5857,5552,5812.0,58794.05,67,91
2025-03-01,星期六,上午8:25,早晨班機,TPE,下午1:25,下午抵達,SIN,星宇航空,0,直達航班。,Non-stop,5 小時,No,Airbus A321neo,0,JX 771,經濟艙,5684,5327,5770.0,98232.93,36,46
2025-03-01,星期六,上午8:45,早晨班機,TPE,下午1:25,下午抵達,SIN,星宇航空,0,直達航班。,Non-stop,4 小時 40 分鐘,No,Airbus A321neo,0,JX 771,經濟艙,5678,5278,5883.0,81819.94,66,45
2025-03-01,星期六,上午9:35,上午班機,TPE,下午2:30,下午抵達,SIN,長榮航空,1,直達航班。,Non-stop,4 小時 55 分鐘,No,Boeing 777,1,BR 215,經濟艙,6139,5739,6129.0,102001.38,22,91
2025-03-01,星期六,下午2:10,下午班機,TPE,下午6:55,晚間抵達,SIN,新加坡航空,1,直達航班。,Non-stop,4 小時 45 分鐘,No,Boeing 787,1,SQ 877,經濟艙,8295,8136,8144.0,57683.45,85,89
2025-03-01,星期六,下午4:05,下午班機,TPE,晚上8:55,晚間抵達,SIN,新加坡航空,1,直達航班。,Non-stop,4 小時 50 分鐘,No,Airbus A350,1,SQ 881,經濟艙,8506,8136,8529.0,169877.44,84,89
2025-03-01,星期六,下午4:10,下午班機,TPE,晚上8:55,晚間抵達,SIN,酷航,4,直達航班。,Non-stop,4 小時 45 分鐘,No,Boeing 787,1,TR 899,經濟艙,4198,3298,4398.0,238000.0,38,91
2025-03-01,星期六,下午5:35,下午班機,TPE,晚上10:20,晚間抵達,SIN,新加坡航空,1,直達航班。,Non-stop,4 小時 45 分鐘,No,Boeing 787,1,SQ 879,經濟艙,8245,8136,8145.0,29424.92,85,89
2025-03-01,星期六,凌晨12:20,凌晨班機,TPE,清晨5:05,凌晨抵達,SIN,酷航,4,直達航班。,Non-stop,4 小時 45 分鐘,No,Airbus A321neo,0,TR 875,經濟艙,3258,2399,3298.0,215137.56,38,91
2025-03-01,星期六,凌晨1:30,凌晨班機,TPE,清晨6:15,早晨抵達,SIN,酷航,4,直達航班。,Non-stop,4 小時 45 分鐘,No,Boeing 787,1,TR 897,經濟艙,3216,2399,3298.0,187664.15,19,91
2025-03-01,星期六,晚上10:20,晚間班機,TPE,"凌晨3:05 (星期日, 3月 2)",凌晨抵達,SIN,酷航,4,直達航班。,Non-stop,4 小時 45 分鐘,No,Boeing 787,1,TR 893,經濟艙,3474,2399,3798.0,232843.26,42,91
2025-03-01,星期六,晚上7:55,晚間班機,TPE,"凌晨12:40 (星期日, 3月 2)",凌晨抵達,SIN,中華航空,2,直達航班。,Non-stop,4 小時 45 分鐘,No,Airbus A330,1,CI 755,經濟艙,5518,5219,5470.0,47741.07,67,91
2025-03-01,星期六,清晨7:25,早晨班機,TPE,中午12:05,下午抵達,SIN,長榮航空,1,直達航班。,Non-stop,4 小時 40 分鐘,No,Boeing 777,1,BR 225,經濟艙,6139,5739,6129.0,102001.38,22,91
2025-03-02,星期日,上午8:20,早晨班機,TPE,下午1:05,下午抵達,SIN,中華航空,2,直達航班。,Non-stop,4 小時 45 分鐘,No,Airbus A350,1,CI 753,經濟艙,5852,5552,5812.0,58093.29,68,91
2025-03-02,星期日,上午8:40,早晨班機,TPE,下午1:25,下午抵達,SIN,星宇航空,0,直達航班。,Non-stop,4 小時 45 分鐘,No,Airbus A321neo,0,JX 771,經濟艙,5691,5327,5770.0,73676.85,37,47
2025-03-02,星期日,上午8:45,早晨班機,TPE,下午1:25,下午抵達,SIN,星宇航空,0,直達航班。,Non-stop,4 小時 40 分鐘,No,Airbus A321neo,0,JX 771,經濟艙,5874,5278,5890.0,152442.52,67,44
2025-03-02,星期日,上午9:35,上午班機,TPE,下午2:30,下午抵達,SIN,長榮航空,1,直達航班。,Non-stop,4 小時 55 分鐘,No,Boeing 777,1,BR 215,經濟艙,6244,5739,6131.0,230648.23,23,91
2025-03-02,星期日,下午2:10,下午班機,TPE,下午6:55,晚間抵達,SIN,新加坡航空,1,直達航班。,Non-stop,4 小時 45 分鐘,No,Boeing 787,1,SQ 877,經濟艙,8563,8136,8535.0,772012.66,86,89
2025-03-02,星期日,下午4:05,下午班機,TPE,晚上8:55,晚間抵達,SIN,新加坡航空,1,直達航班。,Non-stop,4 小時 50 分鐘,No,Airbus A350,1,SQ 881,經濟艙,9457,8136,8538.0,3300010.92,86,89
2025-03-02,星期日,下午4:10,下午班機,TPE,晚上8:55,晚間抵達,SIN,酷航,4,直達航班。,Non-stop,4 小時 45 分鐘,No,Boeing 787,1,TR 899,經濟艙,4836,3798,4398.0,302439.56,57,91
2025-03-02,星期日,下午5:35,下午班機,TPE,晚上10:20,晚間抵達,SIN,新加坡航空,1,直達航班。,Non-stop,4 小時 45 分鐘,No,Boeing 787,1,SQ 879,經濟艙,9255,8139,8530.0,2533014.84,91,89
2025-03-02,星期日,凌晨12:20,凌晨班機,TPE,清晨5:05,凌晨抵達,SIN,酷航,4,直達航班。,Non-stop,4 小時 45 分鐘,No,Airbus A321neo,0,TR 875,經濟艙,3877,2898,3798.0,221670.33,34,91
2025-03-02,星期日,凌晨1:30,凌晨班機,TPE,清晨6:15,早晨抵達,SIN,酷航,4,直達航班。,Non-stop,4 小時 45 分鐘,No,Boeing 787,1,TR 897,經濟艙,3619,2898,3798.0,170781.44,56,91
2025-03-02,星期日,晚上10:20,晚間班機,TPE,"凌晨3:05 (星期一, 3月 3)",凌晨抵達,SIN,酷航,4,直達航班。,Non-stop,4 小時 45 分鐘,No,Boeing 787,1,TR 893,經濟艙,3471,2898,3298.0,248459.1,89,91
2025-03-02,星期日,晚上7:55,晚間班機,TPE,"凌晨12:40 (星期一, 3月 3)",凌晨抵達,SIN,中華航空,2,直達航班。,Non-stop,4 小時 45 分鐘,No,Airbus A330,1,CI 755,經濟艙,5513,5219,5470.0,47137.27,68,91
2025-03-02,星期日,清晨7:25,早晨班機,TPE,中午12:05,下午抵達,SIN,長榮航空,1,直達航班。,Non-stop,4 小時 40 分鐘,No,Boeing 777,1,BR 225,經濟艙,6116,5739,6129.0,55040.88,23,91
2025-03-03,星期一,上午8:20,早晨班機,TPE,下午1:05,下午抵達,SIN,中華航空,2,直達航班。,Non-stop,4 小時 45 分鐘,No,Airbus A350,1,CI 753,經濟艙,5851,5552,5812.0,58367.72,69,91
2025-03-03,星期一,上午8:25,早晨班機,TPE,下午1:25,下午抵達,SIN,星宇航空,0,直達航班。,Non-stop,5 小時,No,Airbus A321neo,0,JX 771,經濟艙,5514,5327,5386.0,57576.7,38,48
2025-03-03,星期一,上午8:45,早晨班機,TPE,下午1:25,下午抵達,SIN,星宇航空,0,直達航班。,Non-stop,4 小時 40 分鐘,No,Airbus A321neo,0,JX 771,經濟艙,5668,5278,5883.0,83595.44,68,43
2025-03-03,星期一,上午9:35,上午班機,TPE,下午2:30,下午抵達,SIN,長榮航空,1,直達航班。,Non-stop,4 小時 55 分鐘,No,Boeing 777,1,BR 215,經濟艙,6095,5739,6129.0,32880.03,24,91
2025-03-03,星期一,下午2:10,下午班機,TPE,下午6:55,晚間抵達,SIN,新加坡航空,1,直達航班。,Non-stop,4 小時 45 分鐘,No,Boeing 787,1,SQ 877,經濟艙,8253,8136,8143.0,58716.46,87,89
2025-03-03,星期一,下午4:10,下午班機,TPE,晚上8:55,晚間抵達,SIN,酷航,4,直達航班。,Non-stop,4 小時 45 分鐘,No,Boeing 787,1,TR 899,經濟艙,4280,3298,4398.0,252131.87,37,91
2025-03-03,星期一,下午5:35,下午班機,TPE,晚上10:20,晚間抵達,SIN,新加坡航空,1,直達航班。,Non-stop,4 小時 45 分鐘,No,Boeing 787,1,SQ 879,經濟艙,8169,8136,8143.0,9876.07,87,89
2025-03-03,星期一,凌晨1:30,凌晨班機,TPE,清晨6:15,早晨抵達,SIN,酷航,4,直達航班。,Non-stop,4 小時 45 分鐘,No,Boeing 787,1,TR 897,經濟艙,3414,2898,3298.0,361169.72,90,91
2025-03-03,星期一,晚上7:55,晚間班機,TPE,"凌晨12:40 (星期二, 3月 4)",凌晨抵達,SIN,中華航空,2,直達航班。,Non-stop,4 小時 45 分鐘,No,Airbus A330,1,CI 755,經濟艙,5512,5219,5470.0,47331.98,69,91
2025-03-03,星期一,清晨7:25,早晨班機,TPE,中午12:05,下午抵達,SIN,長榮航空,1,直達航班。,Non-stop,4 小時 40 分鐘,No,Boeing 777,1,BR 225,經濟艙,6095,5739,6129.0,32880.03,24,91
2025-03-04,星期二,上午8:20,早晨班機,TPE,下午1:05,下午抵達,SIN,中華航空,2,直達航班。,Non-stop,4 小時 45 分鐘,No,Airbus A350,1,CI 753,經濟艙,5850,5552,5812.0,58500.68,70,91
2025-03-04,星期二,上午8:25,早晨班機,TPE,下午1:25,下午抵達,SIN,星宇航空,0,直達航班。,Non-stop,5 小時,No,Airbus A321neo,0,JX 771,經濟艙,5504,5327,5386.0,55542.65,39,49
2025-03-04,星期二,上午8:45,早晨班機,TPE,下午1:25,下午抵達,SIN,星宇航空,0,直達航班。,Non-stop,4 小時 40 分鐘,No,Airbus A321neo,0,JX 771,經濟艙,5663,5278,5883.0,84470.56,69,42
2025-03-04,星期二,上午9:35,上午班機,TPE,下午2:30,下午抵達,SIN,長榮航空,1,直達航班。,Non-stop,4 小時 55 分鐘,No,Boeing 777,1,BR 215,經濟艙,6097,5739,6129.0,33377.4,25,91
2025-03-04,星期二,下午2:10,下午班機,TPE,下午6:55,晚間抵達,SIN,新加坡航空,1,直達航班。,Non-stop,4 小時 45 分鐘,No,Boeing 787,1,SQ 877,經濟艙,8143,8136,8143.0,11.03,88,89
2025-03-04,星期二,下午4:10,下午班機,TPE,晚上8:55,晚間抵達,SIN,酷航,4,直達航班。,Non-stop,4 小時 45 分鐘,No,Boeing 787,1,TR 899,經濟艙,4100,2898,3798.0,258884.0,35,91
2025-03-04,星期二,下午5:35,下午班機,TPE,晚上10:20,晚間抵達,SIN,新加坡航空,1,直達航班。,Non-stop,4 小時 45 分鐘,No,Boeing 787,1,SQ 879,經濟艙,8143,8136,8143.0,11.03,88,89
2025-03-04,星期二,凌晨12:20,凌晨班機,TPE,清晨5:05,凌晨抵達,SIN,酷航,4,直達航班。,Non-stop,4 小時 45 分鐘,No,Airbus A321neo,0,TR 875,經濟艙,2953,2299,2898.0,288171.14,83,91
2025-03-04,星期二,凌晨1:30,凌晨班機,TPE,清晨6:15,早晨抵達,SIN,酷航,4,直達航班。,Non-stop,4 小時 45 分鐘,No,Boeing 787,1,TR 897,經濟艙,2880,2299,2588.0,1548472.5,83,91
2025-03-04,星期二,晚上10:20,晚間班機,TPE,"凌晨3:05 (星期三, 3月 5)",凌晨抵達,SIN,酷航,4,直達航班。,Non-stop,4 小時 45 分鐘,No,Boeing 787,1,TR 893,經濟艙,2645,2399,2588.0,23956.56,41,91
2025-03-04,星期二,晚上7:55,晚間班機,TPE,"凌晨12:40 (星期三, 3月 5)",凌晨抵達,SIN,中華航空,2,直達航班。,Non-stop,4 小時 45 分鐘,No,Airbus A330,1,CI 755,經濟艙,5512,5219,5470.0,47432.76,70,91
2025-03-04,星期二,清晨7:25,早晨班機,TPE,中午12:05,下午抵達,SIN,長榮航空,1,直達航班。,Non-stop,4 小時 40 分鐘,No,Boeing 777,1,BR 225,經濟艙,6097,5739,6129.0,33377.4,25,91
2025-03-05,星期三,上午8:20,早晨班機,TPE,下午1:05,下午抵達,SIN,中華航空,2,直達航班。,Non-stop,4 小時 45 分鐘,No,Airbus A350,1,CI 753,經濟艙,5850,5552,5812.0,58611.01,71,91
2025-03-05,星期三,上午8:25,早晨班機,TPE,下午1:25,下午抵達,SIN,星宇航空,0,直達航班。,Non-stop,5 小時,No,Airbus A321neo,0,JX 771,經濟艙,5501,5327,5386.5,54672.03,40,50
2025-03-05,星期三,上午8:45,早晨班機,TPE,下午1:25,下午抵達,SIN,星宇航空,0,直達航班。,Non-stop,4 小時 40 分鐘,No,Airbus A321neo,0,JX 771,經濟艙,5658,5278,5883.0,85342.54,70,41
2025-03-05,星期三,上午9:35,上午班機,TPE,下午2:30,下午抵達,SIN,長榮航空,1,直達航班。,Non-stop,4 小時 55 分鐘,No,Boeing 777,1,BR 215,經濟艙,6098,5739,6129.0,33893.38,26,91
2025-03-05,星期三,下午2:10,下午班機,TPE,下午6:55,晚間抵達,SIN,新加坡航空,1,直達航班。,Non-stop,4 小時 45 分鐘,No,Boeing 787,1,SQ 877,經濟艙,8259,8136,8143.0,1204368.39,89,90
2025-03-05,星期三,下午4:05,下午班機,TPE,晚上8:55,晚間抵達,SIN,新加坡航空,1,直達航班。,Non-stop,4 小時 50 分鐘,No,Airbus A350,1,SQ 881,經濟艙,8143,8136,8143.0,10.77,89,89
2025-03-05,星期三,下午4:10,下午班機,TPE,晚上8:55,晚間抵達,SIN,酷航,4,直達航班。,Non-stop,4 小時 45 分鐘,No,Boeing 787,1,TR 899,經濟艙,3941,3298,3798.0,127142.86,63,91
2025-03-05,星期三,下午5:35,下午班機,TPE,晚上10:20,晚間抵達,SIN,新加坡航空,1,直達航班。,Non-stop,4 小時 45 分鐘,No,Boeing 787,1,SQ 879,經濟艙,8143,8136,8143.0,10.77,89,89
2025-03-05,星期三,凌晨12:20,凌晨班機,TPE,清晨5:05,凌晨抵達,SIN,酷航,4,直達航班。,Non-stop,4 小時 45 分鐘,No,Airbus A321neo,0,TR 875,經濟艙,2628,2299,2588.0,20899.85,83,91
2025-03-05,星期三,凌晨1:30,凌晨班機,TPE,清晨6:15,早晨抵達,SIN,酷航,4,直達航班。,Non-stop,4 小時 45 分鐘,No,Boeing 787,1,TR 897,經濟艙,2600,2299,2588.0,17685.84,83,91
2025-03-05,星期三,晚上7:55,晚間班機,TPE,"凌晨12:40 (星期四, 3月 6)",凌晨抵達,SIN,中華航空,2,直達航班。,Non-stop,4 小時 45 分鐘,No,Airbus A330,1,CI 755,經濟艙,5511,5219,5470.0,47515.53,71,91
2025-03-05,星期三,清晨7:25,早晨班機,TPE,中午12:05,下午抵達,SIN,長榮航空,1,直達航班。,Non-stop,4 小時 40 分鐘,No,Boeing 777,1,BR 225,經濟艙,6098,5739,6129.0,33893.38,26,91
2025-03-06,星期四,上午8:20,早晨班機,TPE,下午1:05,下午抵達,SIN,中華航空,2,直達航班。,Non-stop,4 小時 45 分鐘,No,Airbus A350,1,CI 753,經濟艙,5851,5552,5812.0,58146.33,72,91
2025-03-06,星期四,上午8:25,早晨班機,TPE,下午1:25,下午抵達,SIN,星宇航空,0,直達航班。,Non-stop,5 小時,No,Airbus A321neo,0,JX 771,經濟艙,5721,5327,5771.0,62503.83,41,51
2025-03-06,星期四,上午8:45,早晨班機,TPE,下午1:25,下午抵達,SIN,星宇航空,0,直達航班。,Non-stop,4 小時 40 分鐘,No,Airbus A321neo,0,JX 771,經濟艙,5652,5278,5883.0,86159.89,71,40
2025-03-06,星期四,上午9:35,上午班機,TPE,下午2:30,下午抵達,SIN,長榮航空,1,直達航班。,Non-stop,4 小時 55 分鐘,No,Boeing 777,1,BR 215,經濟艙,6680,5829,6288.0,513393.36,72,91
2025-03-06,星期四,下午2:10,下午班機,TPE,下午6:55,晚間抵達,SIN,新加坡航空,1,直達航班。,Non-stop,4 小時 45 分鐘,No,Boeing 787,1,SQ 877,經濟艙,8259,8136,8143.0,1204352.81,90,90
2025-03-06,星期四,下午4:10,下午班機,TPE,晚上8:55,晚間抵達,SIN,酷航,4,直達航班。,Non-stop,4 小時 45 分鐘,No,Boeing 787,1,TR 899,經濟艙,3383,2898,3298.0,146871.79,85,91
2025-03-06,星期四,下午5:35,下午班機,TPE,晚上10:20,晚間抵達,SIN,新加坡航空,1,直達航班。,Non-stop,4 小時 45 分鐘,No,Boeing 787,1,SQ 879,經濟艙,8143,8136,8143.0,10.79,90,89
2025-03-06,星期四,凌晨1:30,凌晨班機,TPE,清晨6:15,早晨抵達,SIN,酷航,4,直達航班。,Non-stop,4 小時 45 分鐘,No,Boeing 787,1,TR 897,經濟艙,2919,2399,2898.0,114271.81,43,91
2025-03-06,星期四,晚上10:20,晚間班機,TPE,"凌晨3:05 (星期五, 3月 7)",凌晨抵達,SIN,酷航,4,直達航班。,Non-stop,4 小時 45 分鐘,No,Boeing 787,1,TR 893,經濟艙,2717,2299,2588.0,68807.03,85,91
2025-03-06,星期四,晚上7:55,晚間班機,TPE,"凌晨12:40 (星期五, 3月 7)",凌晨抵達,SIN,中華航空,2,直達航班。,Non-stop,4 小時 45 分鐘,No,Airbus A330,1,CI 755,經濟艙,5512,5219,5470.0,47168.02,72,91
2025-03-06,星期四,清晨7:25,早晨班機,TPE,中午12:05,下午抵達,SIN,長榮航空,1,直達航班。,Non-stop,4 小時 40 分鐘,No,Boeing 777,1,BR 225,經濟艙,6100,5739,6129.0,34466.53,27,91
2025-03-07,星期五,上午8:20,早晨班機,TPE,下午1:05,下午抵達,SIN,中華航空,2,直達航班。,Non-stop,4 小時 45 分鐘,No,Airbus A350,1,CI 753,經濟艙,5852,5552,5812.0,57673.42,73,91
2025-03-07,星期五,上午8:25,早晨班機,TPE,下午1:25,下午抵達,SIN,星宇航空,0,直達航班。,Non-stop,5 小時,No,Airbus A321neo,0,JX 771,經濟艙,5834,5327,5771.0,84573.98,42,52
2025-03-07,星期五,上午8:45,早晨班機,TPE,下午1:25,下午抵達,SIN,星宇航空,0,直達航班。,Non-stop,4 小時 40 分鐘,No,Airbus A321neo,0,JX 771,經濟艙,5764,5278,5883.0,138336.22,72,39
2025-03-07,星期五,上午9:35,上午班機,TPE,下午2:30,下午抵達,SIN,長榮航空,1,直達航班。,Non-stop,4 小時 55 分鐘,No,Boeing 777,1,BR 215,經濟艙,6102,5739,6129.0,35031.07,28,91
2025-03-07,星期五,下午2:10,下午班機,TPE,下午6:55,晚間抵達,SIN,新加坡航空,1,直達航班。,Non-stop,4 小時 45 分鐘,No,Boeing 787,1,SQ 877,經濟艙,8207,8136,8143.0,366354.65,91,89
2025-03-07,星期五,下午4:05,下午班機,TPE,晚上8:55,晚間抵達,SIN,新加坡航空,1,直達航班。,Non-stop,4 小時 50 分鐘,No,Airbus A350,1,SQ 881,經濟艙,8169,8136,8143.0,9965.98,91,89
2025-03-07,星期五,下午4:10,下午班機,TPE,晚上8:55,晚間抵達,SIN,酷航,4,直達航班。,Non-stop,4 小時 45 分鐘,No,Boeing 787,1,TR 899,經濟艙,3936,2898,3798.0,318615.38,38,91
2025-03-07,星期五,下午5:35,下午班機,TPE,晚上10:20,晚間抵達,SIN,新加坡航空,1,直達航班。,Non-stop,4 小時 45 分鐘,No,Boeing 787,1,SQ 879,經濟艙,8169,8136,8143.0,9965.98,91,89
2025-03-07,星期五,凌晨12:20,凌晨班機,TPE,凌晨4:55,凌晨抵達,SIN,酷航,4,直達航班。,Non-stop,4 小時 35 分鐘,No,Airbus A321neo,0,TR 875,經濟艙,3740,2399,3798.0,316651.51,25,91
2025-03-07,星期五,晚上7:55,晚間班機,TPE,"凌晨12:40 (星期六, 3月 8)",凌晨抵達,SIN,中華航空,2,直達航班。,Non-stop,4 小時 45 分鐘,No,Airbus A330,1,CI 755,經濟艙,5513,5219,5470.0,46813.65,73,91
2025-03-07,星期五,清晨7:25,早晨班機,TPE,中午12:05,下午抵達,SIN,長榮航空,1,直達航班。,Non-stop,4 小時 40 分鐘,No,Boeing 777,1,BR 225,經濟艙,6102,5739,6129.0,35031.07,28,91
2025-03-08,星期六,上午8:20,早晨班機,TPE,下午1:05,下午抵達,SIN,中華航空,2,直達航班。,Non-stop,4 小時 45 分鐘,No,Airbus A350,1,CI 753,經濟艙,5854,5552,5812.0,57045.7,74,91
2025-03-08,星期六,上午8:25,早晨班機,TPE,下午1:25,下午抵達,SIN,星宇航空,0,直達航班。,Non-stop,5 小時,No,Airbus A321neo,0,JX 771,經濟艙,6076,5714,5772.0,230166.29,43,53
2025-03-08,星期六,上午8:45,早晨班機,TPE,下午1:25,下午抵達,SIN,星宇航空,0,直達航班。,Non-stop,4 小時 40 分鐘,No,Airbus A321neo,0,JX 771,經濟艙,6550,5660,6432.0,358154.13,73,38
2025-03-08,星期六,上午9:35,上午班機,TPE,下午2:30,下午抵達,SIN,長榮航空,1,直達航班。,Non-stop,4 小時 55 分鐘,No,Boeing 777,1,BR 215,經濟艙,6134,5739,6130.0,67580.4,29,91
2025-03-08,星期六,下午2:10,下午班機,TPE,下午6:55,晚間抵達,SIN,新加坡航空,1,直達航班。,Non-stop,4 小時 45 分鐘,No,Boeing 787,1,SQ 877,經濟艙,9099,8136,8146.0,4542179.43,91,89
2025-03-08,星期六,下午4:05,下午班機,TPE,晚上8:55,晚間抵達,SIN,新加坡航空,1,直達航班。,Non-stop,4 小時 50 分鐘,No,Airbus A350,1,SQ 881,經濟艙,8289,8136,8145.0,37037.37,91,89
2025-03-08,星期六,下午4:10,下午班機,TPE,晚上8:55,晚間抵達,SIN,酷航,4,直達航班。,Non-stop,4 小時 45 分鐘,No,Boeing 787,1,TR 899,經濟艙,3906,2898,3798.0,296495.73,40,91
2025-03-08,星期六,下午5:35,下午班機,TPE,晚上10:20,晚間抵達,SIN,新加坡航空,1,直達航班。,Non-stop,4 小時 45 分鐘,No,Boeing 787,1,SQ 879,經濟艙,8419,8136,8531.0,105684.67,91,89
2025-03-08,星期六,凌晨12:20,凌晨班機,TPE,清晨5:05,凌晨抵達,SIN,酷航,4,直達航班。,Non-stop,4 小時 45 分鐘,No,Airbus A321neo,0,TR 875,經濟艙,2984,2399,2898.0,228477.63,45,91
2025-03-08,星期六,凌晨1:30,凌晨班機,TPE,清晨6:15,早晨抵達,SIN,酷航,4,直達航班。,Non-stop,4 小時 45 分鐘,No,Boeing 787,1,TR 897,經濟艙,3202,2299,2898.0,323681.64,87,91
2025-03-08,星期六,晚上10:20,晚間班機,TPE,"凌晨3:05 (星期日, 3月 9)",凌晨抵達,SIN,酷航,4,直達航班。,Non-stop,4 小時 45 分鐘,No,Boeing 787,1,TR 893,經濟艙,3101,2399,2898.0,135124.76,45,91
2025-03-08,星期六,晚上7:55,晚間班機,TPE,"凌晨12:40 (星期日, 3月 9)",凌晨抵達,SIN,中華航空,2,直達航班。,Non-stop,4 小時 45 分鐘,No,Airbus A330,1,CI 755,經濟艙,5515,5219,5470.0,46343.65,74,91
2025-03-08,星期六,清晨7:25,早晨班機,TPE,中午12:05,下午抵達,SIN,長榮航空,1,直達航班。,Non-stop,4 小時 40 分鐘,No,Boeing 777,1,BR 225,經濟艙,6104,5739,6130.0,35187.36,29,91
2025-03-09,星期日,上午8:20,早晨班機,TPE,下午1:05,下午抵達,SIN,中華航空,2,直達航班。,Non-stop,4 小時 45 分鐘,No,Airbus A350,1,CI 753,經濟艙,5857,5552,5812.0,56836.61,75,90
2025-03-09,星期日,上午8:40,早晨班機,TPE,下午1:25,下午抵達,SIN,星宇航空,0,直達航班。,Non-stop,4 小時 45 分鐘,No,Airbus A321neo,0,JX 771,經濟艙,5665,5327,5770.0,61757.46,44,53
2025-03-09,星期日,上午8:45,早晨班機,TPE,下午1:25,下午抵達,SIN,星宇航空,0,直達航班。,Non-stop,4 小時 40 分鐘,No,Airbus A321neo,0,JX 771,經濟艙,5657,5278,5884.0,110657.38,74,37
2025-03-09,星期日,上午9:35,上午班機,TPE,下午2:30,下午抵達,SIN,長榮航空,1,直達航班。,Non-stop,4 小時 55 分鐘,No,Boeing 777,1,BR 215,經濟艙,6503,5739,6131.0,1150650.06,30,90
2025-03-09,星期日,下午2:10,下午班機,TPE,下午6:55,晚間抵達,SIN,新加坡航空,1,直達航班。,Non-stop,4 小時 45 分鐘,No,Boeing 787,1,SQ 877,經濟艙,9973,8136,8537.5,12253429.02,91,88
2025-03-09,星期日,下午4:05,下午班機,TPE,晚上8:55,晚間抵達,SIN,新加坡航空,1,直達航班。,Non-stop,4 小時 50 分鐘,No,Airbus A350,1,SQ 881,經濟艙,9839,8142,9126.0,5040998.48,45,88
2025-03-09,星期日,下午4:10,下午班機,TPE,晚上8:55,晚間抵達,SIN,酷航,4,直達航班。,Non-stop,4 小時 45 分鐘,No,Boeing 787,1,TR 899,經濟艙,4212,2299,3798.0,715588.7,88,90
2025-03-09,星期日,下午5:35,下午班機,TPE,晚上10:20,晚間抵達,SIN,新加坡航空,1,直達航班。,Non-stop,4 小時 45 分鐘,No,Boeing 787,1,SQ 879,經濟艙,9326,8137,8531.0,3748730.7,81,88
2025-03-09,星期日,凌晨12:20,凌晨班機,TPE,清晨5:05,凌晨抵達,SIN,酷航,4,直達航班。,Non-stop,4 小時 45 分鐘,No,Airbus A321neo,0,TR 875,經濟艙,3014,2299,2898.0,173960.3,88,90
2025-03-09,星期日,凌晨1:30,凌晨班機,TPE,清晨6:15,早晨抵達,SIN,酷航,4,直達航班。,Non-stop,4 小時 45 分鐘,No,Boeing 787,1,TR 897,經濟艙,2988,2399,2898.0,264136.01,46,90
2025-03-09,星期日,晚上10:20,晚間班機,TPE,"凌晨3:05 (星期一, 3月 10)",凌晨抵達,SIN,酷航,4,直達航班。,Non-stop,4 小時 45 分鐘,No,Boeing 787,1,TR 893,經濟艙,3174,2399,3298.0,252893.29,27,90
2025-03-09,星期日,晚上7:55,晚間班機,TPE,"凌晨12:40 (星期一, 3月 10)",凌晨抵達,SIN,中華航空,2,直達航班。,Non-stop,4 小時 45 分鐘,No,Airbus A330,1,CI 755,經濟艙,5779,5219,5501.5,676071.57,75,90
2025-03-09,星期日,清晨7:25,早晨班機,TPE,中午12:05,下午抵達,SIN,長榮航空,1,直達航班。,Non-stop,4 小時 40 分鐘,No,Boeing 777,1,BR 225,經濟艙,6103,5739,6130.5,35576.99,30,90
2025-03-10,星期一,上午8:20,早晨班機,TPE,下午1:05,下午抵達,SIN,中華航空,2,直達航班。,Non-stop,4 小時 45 分鐘,No,Airbus A350,1,CI 753,經濟艙,5860,5552,5812.0,56603.45,76,89
2025-03-10,星期一,上午8:25,早晨班機,TPE,下午1:25,下午抵達,SIN,星宇航空,0,直達航班。,Non-stop,5 小時,No,Airbus A321neo,0,JX 771,經濟艙,5523,5327,5387.0,60526.58,45,53
2025-03-10,星期一,上午8:45,早晨班機,TPE,下午1:25,下午抵達,SIN,星宇航空,0,直達航班。,Non-stop,4 小時 40 分鐘,No,Airbus A321neo,0,JX 771,經濟艙,5626,5278,5883.0,89180.58,75,36
2025-03-10,星期一,上午9:35,上午班機,TPE,下午2:30,下午抵達,SIN,長榮航空,1,直達航班。,Non-stop,4 小時 55 分鐘,No,Boeing 777,1,BR 215,經濟艙,6103,5739,6131.0,35975.34,31,89
2025-03-10,星期一,下午2:10,下午班機,TPE,下午6:55,晚間抵達,SIN,新加坡航空,1,直達航班。,Non-stop,4 小時 45 分鐘,No,Boeing 787,1,SQ 877,經濟艙,8371,8136,8144.0,1122673.6,91,87
2025-03-10,星期一,下午4:10,下午班機,TPE,晚上8:55,晚間抵達,SIN,酷航,4,直達航班。,Non-stop,4 小時 45 分鐘,No,Boeing 787,1,TR 899,經濟艙,4192,3298,4398.0,269172.63,89,89
2025-03-10,星期一,下午5:35,下午班機,TPE,晚上10:20,晚間抵達,SIN,新加坡航空,1,直達航班。,Non-stop,4 小時 45 分鐘,No,Boeing 787,1,SQ 879,經濟艙,8166,8136,8143.0,8516.54,91,87
2025-03-10,星期一,凌晨1:30,凌晨班機,TPE,清晨6:15,早晨抵達,SIN,酷航,4,直達航班。,Non-stop,4 小時 45 分鐘,No,Boeing 787,1,TR 897,經濟艙,3328,2299,3298.0,518348.26,89,89
2025-03-10,星期一,晚上7:55,晚間班機,TPE,"凌晨12:40 (星期二, 3月 11)",凌晨抵達,SIN,中華航空,2,直達航班。,Non-stop,4 小時 45 分鐘,No,Airbus A330,1,CI 755,經濟艙,5520,5219,5470.0,46140.22,76,89
2025-03-10,星期一,清晨7:25,早晨班機,TPE,中午12:05,下午抵達,SIN,長榮航空,1,直達航班。,Non-stop,4 小時 40 分鐘,No,Boeing 777,1,BR 225,經濟艙,6103,5739,6131.0,35975.34,31,89
2025-03-11,星期二,上午8:20,早晨班機,TPE,下午1:05,下午抵達,SIN,中華航空,2,直達航班。,Non-stop,4 小時 45 分鐘,No,Airbus A350,1,CI 753,經濟艙,5863,5552,5812.0,56344.72,77,88
2025-03-11,星期二,上午8:25,早晨班機,TPE,下午1:25,下午抵達,SIN,星宇航空,0,直達航班。,Non-stop,5 小時,No,Airbus A321neo,0,JX 771,經濟艙,5527,5327,5387.0,66327.27,46,53
2025-03-11,星期二,上午8:45,早晨班機,TPE,下午1:25,下午抵達,SIN,星宇航空,0,直達航班。,Non-stop,4 小時 40 分鐘,No,Airbus A321neo,0,JX 771,經濟艙,5619,5278,5883.0,89807.58,76,35
2025-03-11,星期二,上午9:35,上午班機,TPE,下午2:30,下午抵達,SIN,長榮航空,1,直達航班。,Non-stop,4 小時 55 分鐘,No,Boeing 777,1,BR 215,經濟艙,6103,5739,6131.0,36382.71,32,88
2025-03-11,星期二,下午2:10,下午班機,TPE,下午6:55,晚間抵達,SIN,新加坡航空,1,直達航班。,Non-stop,4 小時 45 分鐘,No,Boeing 787,1,SQ 877,經濟艙,9058,8136,8537.0,1769696.52,91,86
2025-03-11,星期二,下午4:10,下午班機,TPE,晚上8:55,晚間抵達,SIN,酷航,4,直達航班。,Non-stop,4 小時 45 分鐘,No,Boeing 787,1,TR 899,經濟艙,3601,2588,3298.0,231599.36,31,88
2025-03-11,星期二,下午5:35,下午班機,TPE,晚上10:20,晚間抵達,SIN,新加坡航空,1,直達航班。,Non-stop,4 小時 45 分鐘,No,Boeing 787,1,SQ 879,經濟艙,8747,8136,8144.0,1784053.81,91,86
2025-03-11,星期二,凌晨12:20,凌晨班機,TPE,清晨5:05,凌晨抵達,SIN,酷航,4,直達航班。,Non-stop,4 小時 45 分鐘,No,Airbus A321neo,0,TR 875,經濟艙,2563,2299,2588.0,7886.27,90,88
2025-03-11,星期二,凌晨1:30,凌晨班機,TPE,清晨6:15,早晨抵達,SIN,酷航,4,直達航班。,Non-stop,4 小時 45 分鐘,No,Boeing 787,1,TR 897,經濟艙,2568,2299,2588.0,16087.08,90,88
2025-03-11,星期二,晚上10:20,晚間班機,TPE,"凌晨3:05 (星期三, 3月 12)",凌晨抵達,SIN,酷航,4,直達航班。,Non-stop,4 小時 45 分鐘,No,Boeing 787,1,TR 893,經濟艙,2548,2299,2588.0,9778.32,90,88
2025-03-11,星期二,晚上7:55,晚間班機,TPE,"凌晨12:40 (星期三, 3月 12)",凌晨抵達,SIN,中華航空,2,直達航班。,Non-stop,4 小時 45 分鐘,No,Airbus A330,1,CI 755,經濟艙,5522,5219,5470.0,46013.33,77,88
2025-03-11,星期二,清晨7:25,早晨班機,TPE,中午12:05,下午抵達,SIN,長榮航空,1,直達航班。,Non-stop,4 小時 40 分鐘,No,Boeing 777,1,BR 225,經濟艙,6103,5739,6131.0,36382.71,32,88
2025-03-12,星期三,上午8:20,早晨班機,TPE,下午1:05,下午抵達,SIN,中華航空,2,直達航班。,Non-stop,4 小時 45 分鐘,No,Airbus A350,1,CI 753,經濟艙,5866,5552,5812.0,56058.82,78,87
2025-03-12,星期三,上午8:25,早晨班機,TPE,下午1:25,下午抵達,SIN,星宇航空,0,直達航班。,Non-stop,5 小時,No,Airbus A321neo,0,JX 771,經濟艙,5527,5327,5387.0,66057.78,47,53
2025-03-12,星期三,上午9:35,上午班機,TPE,下午2:30,下午抵達,SIN,長榮航空,1,直達航班。,Non-stop,4 小時 55 分鐘,No,Boeing 777,1,BR 215,經濟艙,6102,5739,6131.0,36799.42,33,87
2025-03-12,星期三,下午2:10,下午班機,TPE,下午6:55,晚間抵達,SIN,新加坡航空,1,直達航班。,Non-stop,4 小時 45 分鐘,No,Boeing 787,1,SQ 877,經濟艙,8278,8136,8143.0,757665.95,91,85
2025-03-12,星期三,下午4:05,下午班機,TPE,晚上8:55,晚間抵達,SIN,新加坡航空,1,直達航班。,Non-stop,4 小時 50 分鐘,No,Airbus A350,1,SQ 881,經濟艙,8208,8136,8144.0,21830.22,91,85
2025-03-12,星期三,下午4:10,下午班機,TPE,晚上8:55,晚間抵達,SIN,酷航,4,直達航班。,Non-stop,4 小時 45 分鐘,No,Boeing 787,1,TR 899,經濟艙,3396,2588,3298.0,260413.87,70,87
2025-03-12,星期三,下午5:35,下午班機,TPE,晚上10:20,晚間抵達,SIN,新加坡航空,1,直達航班。,Non-stop,4 小時 45 分鐘,No,Boeing 787,1,SQ 879,經濟艙,8148,8136,8143.0,1849.42,91,85
2025-03-12,星期三,凌晨12:20,凌晨班機,TPE,清晨5:05,凌晨抵達,SIN,酷航,4,直達航班。,Non-stop,4 小時 45 分鐘,No,Airbus A321neo,0,TR 875,經濟艙,2544,2299,2588.0,8452.82,91,87
2025-03-12,星期三,凌晨1:30,凌晨班機,TPE,清晨6:15,早晨抵達,SIN,酷航,4,直達航班。,Non-stop,4 小時 45 分鐘,No,Boeing 787,1,TR 897,經濟艙,2542,2299,2588.0,8670.77,91,87
2025-03-12,星期三,晚上7:55,晚間班機,TPE,"凌晨12:40 (星期四, 3月 13)",凌晨抵達,SIN,中華航空,2,直達航班。,Non-stop,4 小時 45 分鐘,No,Airbus A330,1,CI 755,經濟艙,5525,5219,5470.0,45868.21,78,87
2025-03-12,星期三,清晨7:25,早晨班機,TPE,中午12:05,下午抵達,SIN,長榮航空,1,直達航班。,Non-stop,4 小時 40 分鐘,No,Boeing 777,1,BR 225,經濟艙,6102,5739,6131.0,36799.42,33,87
2025-03-13,星期四,上午8:20,早晨班機,TPE,下午1:05,下午抵達,SIN,中華航空,2,直達航班。,Non-stop,4 小時 45 分鐘,No,Airbus A350,1,CI 753,經濟艙,5869,5552,5812.0,55750.86,79,86
2025-03-13,星期四,上午8:25,早晨班機,TPE,下午1:25,下午抵達,SIN,星宇航空,0,直達航班。,Non-stop,5 小時,No,Airbus A321neo,0,JX 771,經濟艙,5585,5327,5411.0,68808.75,48,53
2025-03-13,星期四,上午9:35,上午班機,TPE,下午2:30,下午抵達,SIN,長榮航空,1,直達航班。,Non-stop,4 小時 55 分鐘,No,Boeing 777,1,BR 215,經濟艙,6102,5739,6145.5,37225.2,34,86
2025-03-13,星期四,下午2:10,下午班機,TPE,下午6:55,晚間抵達,SIN,新加坡航空,1,直達航班。,Non-stop,4 小時 45 分鐘,No,Boeing 787,1,SQ 877,經濟艙,9256,8138,8536.0,1980456.33,84,84
2025-03-13,星期四,下午4:10,下午班機,TPE,晚上8:55,晚間抵達,SIN,酷航,4,直達航班。,Non-stop,4 小時 45 分鐘,No,Boeing 787,1,TR 899,經濟艙,3202,2299,3298.0,263309.01,91,86
2025-03-13,星期四,下午5:35,下午班機,TPE,晚上10:20,晚間抵達,SIN,新加坡航空,1,直達航班。,Non-stop,4 小時 45 分鐘,No,Boeing 787,1,SQ 879,經濟艙,8651,8137,8145.0,840150.53,85,84
2025-03-13,星期四,凌晨1:30,凌晨班機,TPE,清晨6:15,早晨抵達,SIN,酷航,4,直達航班。,Non-stop,4 小時 45 分鐘,No,Boeing 787,1,TR 897,經濟艙,2589,2299,2588.0,29310.42,91,86
2025-03-13,星期四,晚上10:20,晚間班機,TPE,"凌晨3:05 (星期五, 3月 14)",凌晨抵達,SIN,酷航,4,直達航班。,Non-stop,4 小時 45 分鐘,No,Boeing 787,1,TR 893,經濟艙,2555,2299,2588.0,14206.88,91,86
2025-03-13,星期四,晚上7:55,晚間班機,TPE,"凌晨12:40 (星期五, 3月 14)",凌晨抵達,SIN,中華航空,2,直達航班。,Non-stop,4 小時 45 分鐘,No,Airbus A330,1,CI 755,經濟艙,5528,5219,5470.0,45709.44,79,86
2025-03-13,星期四,清晨7:25,早晨班機,TPE,中午12:05,下午抵達,SIN,長榮航空,1,直達航班。,Non-stop,4 小時 40 分鐘,No,Boeing 777,1,BR 225,經濟艙,6102,5739,6145.5,37225.2,34,86
2025-03-14,星期五,上午8:20,早晨班機,TPE,下午1:05,下午抵達,SIN,中華航空,2,直達航班。,Non-stop,4 小時 45 分鐘,No,Airbus A350,1,CI 753,經濟艙,5870,5552,5812.0,56372.02,80,85
2025-03-14,星期五,上午8:25,早晨班機,TPE,下午1:25,下午抵達,SIN,星宇航空,0,直達航班。,Non-stop,5 小時,No,Airbus A321neo,0,JX 771,經濟艙,5820,5332,5770.0,90933.49,38,53
2025-03-14,星期五,上午9:35,上午班機,TPE,下午2:30,下午抵達,SIN,長榮航空,1,直達航班。,Non-stop,4 小時 55 分鐘,No,Boeing 777,1,BR 215,經濟艙,6110,5739,6160.0,45057.77,35,85
2025-03-14,星期五,下午2:10,下午班機,TPE,下午6:55,晚間抵達,SIN,新加坡航空,1,直達航班。,Non-stop,4 小時 45 分鐘,No,Boeing 787,1,SQ 877,經濟艙,9082,8137,8146.0,3945540.88,86,82
2025-03-14,星期五,下午4:05,下午班機,TPE,晚上8:55,晚間抵達,SIN,新加坡航空,1,直達航班。,Non-stop,4 小時 50 分鐘,No,Airbus A350,1,SQ 881,經濟艙,8912,8137,8537.0,1675877.91,86,83
2025-03-14,星期五,下午4:10,下午班機,TPE,晚上8:55,晚間抵達,SIN,酷航,4,直達航班。,Non-stop,4 小時 45 分鐘,No,Boeing 787,1,TR 899,經濟艙,4073,3298,3798.0,189739.5,89,85
2025-03-14,星期五,下午5:35,下午班機,TPE,晚上10:20,晚間抵達,SIN,新加坡航空,1,直達航班。,Non-stop,4 小時 45 分鐘,No,Boeing 787,1,SQ 879,經濟艙,8545,8137,8145.0,901002.46,86,83
2025-03-14,星期五,凌晨12:20,凌晨班機,TPE,凌晨4:55,凌晨抵達,SIN,酷航,4,直達航班。,Non-stop,4 小時 35 分鐘,No,Airbus A321neo,0,TR 875,經濟艙,2614,2299,2588.0,29312.62,90,85
2025-03-14,星期五,凌晨1:30,凌晨班機,TPE,清晨6:15,早晨抵達,SIN,酷航,4,直達航班。,Non-stop,4 小時 45 分鐘,No,Boeing 787,1,TR 897,經濟艙,2580,2299,2588.0,10191.13,91,85
2025-03-14,星期五,晚上7:55,晚間班機,TPE,"凌晨12:40 (星期六, 3月 15)",凌晨抵達,SIN,中華航空,2,直達航班。,Non-stop,4 小時 45 分鐘,No,Airbus A330,1,CI 755,經濟艙,5557,5219,5497.0,53391.38,80,85
2025-03-14,星期五,清晨7:25,早晨班機,TPE,中午12:05,下午抵達,SIN,長榮航空,1,直達航班。,Non-stop,4 小時 40 分鐘,No,Boeing 777,1,BR 225,經濟艙,6205,5739,6221.0,126635.21,35,85
2025-03-15,星期六,上午8:20,早晨班機,TPE,下午1:05,下午抵達,SIN,中華航空,2,直達航班。,Non-stop,4 小時 45 分鐘,No,Airbus A350,1,CI 753,經濟艙,5897,5552,5840.0,61818.24,81,84
2025-03-15,星期六,上午8:25,早晨班機,TPE,下午1:25,下午抵達,SIN,星宇航空,0,直達航班。,Non-stop,5 小時,No,Airbus A321neo,0,JX 771,經濟艙,5890,5330,5770.0,251142.59,41,53
2025-03-15,星期六,上午9:35,上午班機,TPE,下午2:30,下午抵達,SIN,長榮航空,1,直達航班。,Non-stop,4 小時 55 分鐘,No,Boeing 777,1,BR 215,經濟艙,6102,5739,6188.5,38104.49,36,84
2025-03-15,星期六,下午2:10,下午班機,TPE,下午6:55,晚間抵達,SIN,新加坡航空,1,直達航班。,Non-stop,4 小時 45 分鐘,No,Boeing 787,1,SQ 877,經濟艙,11512,8137,8538.0,44787198.39,87,82
2025-03-15,星期六,下午4:05,下午班機,TPE,晚上8:55,晚間抵達,SIN,新加坡航空,1,直達航班。,Non-stop,4 小時 50 分鐘,No,Airbus A350,1,SQ 881,經濟艙,10194,8137,8536.0,28005942.01,87,82
2025-03-15,星期六,下午4:10,下午班機,TPE,晚上8:55,晚間抵達,SIN,酷航,4,直達航班。,Non-stop,4 小時 45 分鐘,No,Boeing 787,1,TR 899,經濟艙,3956,3298,3798.0,196676.71,47,84
2025-03-15,星期六,下午5:35,下午班機,TPE,晚上10:20,晚間抵達,SIN,新加坡航空,1,直達航班。,Non-stop,4 小時 45 分鐘,No,Boeing 787,1,SQ 879,經濟艙,9147,8137,8535.0,3513615.58,87,82
2025-03-15,星期六,凌晨12:20,凌晨班機,TPE,清晨5:05,凌晨抵達,SIN,酷航,4,直達航班。,Non-stop,4 小時 45 分鐘,No,Airbus A321neo,0,TR 875,經濟艙,3369,2399,3298.0,63487.79,33,84
2025-03-15,星期六,凌晨1:30,凌晨班機,TPE,清晨6:15,早晨抵達,SIN,酷航,4,直達航班。,Non-stop,4 小時 45 分鐘,No,Boeing 787,1,TR 897,經濟艙,3318,2399,3298.0,72695.85,16,84
2025-03-15,星期六,晚上10:20,晚間班機,TPE,"凌晨3:05 (星期日, 3月 16)",凌晨抵達,SIN,酷航,4,直達航班。,Non-stop,4 小時 45 分鐘,No,Boeing 787,1,TR 893,經濟艙,3127,2399,3298.0,133631.1,33,84
2025-03-15,星期六,晚上7:55,晚間班機,TPE,"凌晨12:40 (星期日, 3月 16)",凌晨抵達,SIN,中華航空,2,直達航班。,Non-stop,4 小時 45 分鐘,No,Airbus A330,1,CI 755,經濟艙,5541,5219,5493.0,49268.65,81,84
2025-03-15,星期六,清晨7:25,早晨班機,TPE,中午12:05,下午抵達,SIN,長榮航空,1,直達航班。,Non-stop,4 小時 40 分鐘,No,Boeing 777,1,BR 225,經濟艙,6102,5739,6188.5,38104.49,36,84
2025-03-16,星期日,上午8:20,早晨班機,TPE,下午1:05,下午抵達,SIN,中華航空,2,直達航班。,Non-stop,4 小時 45 分鐘,No,Airbus A350,1,CI 753,經濟艙,5872,5552,5831.0,57659.59,82,83
2025-03-16,星期日,上午8:40,早晨班機,TPE,下午1:25,下午抵達,SIN,星宇航空,0,直達航班。,Non-stop,4 小時 45 分鐘,No,Airbus A321neo,0,JX 771,經濟艙,5665,5328,5388.0,191833.65,47,53
2025-03-16,星期日,上午9:35,上午班機,TPE,下午2:30,下午抵達,SIN,長榮航空,1,直達航班。,Non-stop,4 小時 55 分鐘,No,Boeing 777,1,BR 215,經濟艙,6239,5739,6221.0,302858.09,37,83
2025-03-16,星期日,下午2:10,下午班機,TPE,下午6:55,晚間抵達,SIN,新加坡航空,1,直達航班。,Non-stop,4 小時 45 分鐘,No,Boeing 787,1,SQ 877,經濟艙,11127,8137,9130.0,23503727.33,88,80
2025-03-16,星期日,下午4:05,下午班機,TPE,晚上8:55,晚間抵達,SIN,新加坡航空,1,直達航班。,Non-stop,4 小時 50 分鐘,No,Airbus A350,1,SQ 881,經濟艙,9206,8141,8536.0,2846657.78,26,81
2025-03-16,星期日,下午4:10,下午班機,TPE,晚上8:55,晚間抵達,SIN,酷航,4,直達航班。,Non-stop,4 小時 45 分鐘,No,Boeing 787,1,TR 899,經濟艙,4506,3798,4398.0,132976.79,39,83
2025-03-16,星期日,下午5:35,下午班機,TPE,晚上10:20,晚間抵達,SIN,新加坡航空,1,直達航班。,Non-stop,4 小時 45 分鐘,No,Boeing 787,1,SQ 879,經濟艙,8999,8141,8539.0,2043163.44,26,81
2025-03-16,星期日,凌晨12:20,凌晨班機,TPE,清晨5:05,凌晨抵達,SIN,酷航,4,直達航班。,Non-stop,4 小時 45 分鐘,No,Airbus A321neo,0,TR 875,經濟艙,3309,2399,3298.0,180113.61,34,83
2025-03-16,星期日,凌晨1:30,凌晨班機,TPE,清晨6:15,早晨抵達,SIN,酷航,4,直達航班。,Non-stop,4 小時 45 分鐘,No,Boeing 787,1,TR 897,經濟艙,3319,2399,3298.0,392404.74,56,83
2025-03-16,星期日,晚上10:20,晚間班機,TPE,"凌晨3:05 (星期一, 3月 17)",凌晨抵達,SIN,酷航,4,直達航班。,Non-stop,4 小時 45 分鐘,No,Boeing 787,1,TR 893,經濟艙,3527,2399,3798.0,690665.21,34,83
2025-03-16,星期日,晚上7:55,晚間班機,TPE,"凌晨12:40 (星期一, 3月 17)",凌晨抵達,SIN,中華航空,2,直達航班。,Non-stop,4 小時 45 分鐘,No,Airbus A330,1,CI 755,經濟艙,5598,5219,5502.0,74076.92,82,83
2025-03-16,星期日,清晨7:25,早晨班機,TPE,中午12:05,下午抵達,SIN,長榮航空,1,直達航班。,Non-stop,4 小時 40 分鐘,No,Boeing 777,1,BR 225,經濟艙,6115,5739,6221.0,47143.19,37,83
2025-03-17,星期一,上午8:20,早晨班機,TPE,下午1:05,下午抵達,SIN,中華航空,2,直達航班。,Non-stop,4 小時 45 分鐘,No,Airbus A350,1,CI 753,經濟艙,5872,5552,5833.5,58327.12,83,82
2025-03-17,星期一,上午8:25,早晨班機,TPE,下午1:25,下午抵達,SIN,星宇航空,0,直達航班。,Non-stop,5 小時,No,Airbus A321neo,0,JX 771,經濟艙,5527,5327,5387.0,66057.78,52,53
2025-03-17,星期一,上午9:35,上午班機,TPE,下午2:30,下午抵達,SIN,長榮航空,1,直達航班。,Non-stop,4 小時 55 分鐘,No,Boeing 777,1,BR 215,經濟艙,6101,5739,6219.0,39023.44,38,82
2025-03-17,星期一,下午2:10,下午班機,TPE,下午6:55,晚間抵達,SIN,新加坡航空,1,直達航班。,Non-stop,4 小時 45 分鐘,No,Boeing 787,1,SQ 877,經濟艙,10894,8530,9130.0,9120498.1,89,80
2025-03-17,星期一,下午4:10,下午班機,TPE,晚上8:55,晚間抵達,SIN,酷航,4,直達航班。,Non-stop,4 小時 45 分鐘,No,Boeing 787,1,TR 899,經濟艙,3963,2588,3798.0,585121.36,40,82
2025-03-17,星期一,下午5:35,下午班機,TPE,晚上10:20,晚間抵達,SIN,新加坡航空,1,直達航班。,Non-stop,4 小時 45 分鐘,No,Boeing 787,1,SQ 879,經濟艙,9150,8141,8534.0,3326240.33,82,80
2025-03-17,星期一,凌晨1:30,凌晨班機,TPE,清晨6:15,早晨抵達,SIN,酷航,4,直達航班。,Non-stop,4 小時 45 分鐘,No,Boeing 787,1,TR 897,經濟艙,3340,2399,2898.0,462138.42,54,82
2025-03-17,星期一,晚上7:55,晚間班機,TPE,"凌晨12:40 (星期二, 3月 18)",凌晨抵達,SIN,中華航空,2,直達航班。,Non-stop,4 小時 45 分鐘,No,Airbus A330,1,CI 755,經濟艙,5531,5219,5490.5,47786.01,83,82
2025-03-17,星期一,清晨7:25,早晨班機,TPE,中午12:05,下午抵達,SIN,長榮航空,1,直達航班。,Non-stop,4 小時 40 分鐘,No,Boeing 777,1,BR 225,經濟艙,6101,5739,6219.0,39023.44,38,82
2025-03-18,星期二,上午8:20,早晨班機,TPE,下午1:05,下午抵達,SIN,中華航空,2,直達航班。,Non-stop,4 小時 45 分鐘,No,Airbus A350,1,CI 753,經濟艙,5873,5552,5836.0,59010.22,84,81
2025-03-18,星期二,上午8:25,早晨班機,TPE,下午1:25,下午抵達,SIN,星宇航空,0,直達航班。,Non-stop,5 小時,No,Airbus A321neo,0,JX 771,經濟艙,5635,5327,5769.0,65405.98,53,53
2025-03-18,星期二,上午9:35,上午班機,TPE,下午2:30,下午抵達,SIN,長榮航空,1,直達航班。,Non-stop,4 小時 55 分鐘,No,Boeing 777,1,BR 215,經濟艙,6101,5739,6221.0,39509.93,39,81
2025-03-18,星期二,下午2:10,下午班機,TPE,下午6:55,晚間抵達,SIN,新加坡航空,1,直達航班。,Non-stop,4 小時 45 分鐘,No,Boeing 787,1,SQ 877,經濟艙,8820,8137,8535.0,1371117.82,90,79
2025-03-18,星期二,下午4:10,下午班機,TPE,晚上8:55,晚間抵達,SIN,酷航,4,直達航班。,Non-stop,4 小時 45 分鐘,No,Boeing 787,1,TR 899,經濟艙,4140,3298,3798.0,520780.0,90,81
2025-03-18,星期二,下午5:35,下午班機,TPE,晚上10:20,晚間抵達,SIN,新加坡航空,1,直達航班。,Non-stop,4 小時 45 分鐘,No,Boeing 787,1,SQ 879,經濟艙,10765,8531,10996.0,3025255.56,89,79
2025-03-18,星期二,凌晨12:20,凌晨班機,TPE,清晨5:05,凌晨抵達,SIN,酷航,4,直達航班。,Non-stop,4 小時 45 分鐘,No,Airbus A321neo,0,TR 875,經濟艙,2819,2399,2898.0,38658.75,55,81
2025-03-18,星期二,凌晨1:30,凌晨班機,TPE,清晨6:15,早晨抵達,SIN,酷航,4,直達航班。,Non-stop,4 小時 45 分鐘,No,Boeing 787,1,TR 897,經濟艙,2860,2399,2898.0,102073.54,55,81
2025-03-18,星期二,晚上10:20,晚間班機,TPE,"凌晨3:05 (星期三, 3月 19)",凌晨抵達,SIN,酷航,4,直達航班。,Non-stop,4 小時 45 分鐘,No,Boeing 787,1,TR 893,經濟艙,3034,2399,2898.0,180148.86,55,81
2025-03-18,星期二,晚上7:55,晚間班機,TPE,"凌晨12:40 (星期三, 3月 19)",凌晨抵達,SIN,中華航空,2,直達航班。,Non-stop,4 小時 45 分鐘,No,Airbus A330,1,CI 755,經濟艙,5532,5219,5493.0,48336.34,84,81
2025-03-18,星期二,清晨7:25,早晨班機,TPE,中午12:05,下午抵達,SIN,長榮航空,1,直達航班。,Non-stop,4 小時 40 分鐘,No,Boeing 777,1,BR 225,經濟艙,6101,5739,6221.0,39509.93,39,81
2025-03-19,星期三,上午8:20,早晨班機,TPE,下午1:05,下午抵達,SIN,中華航空,2,直達航班。,Non-stop,4 小時 45 分鐘,No,Airbus A350,1,CI 753,經濟艙,5874,5552,5836.0,59709.46,85,80
2025-03-19,星期三,上午8:25,早晨班機,TPE,下午1:25,下午抵達,SIN,星宇航空,0,直達航班。,Non-stop,5 小時,No,Airbus A321neo,0,JX 771,經濟艙,5657,5327,5770.0,62854.32,54,53
2025-03-19,星期三,上午9:35,上午班機,TPE,下午2:30,下午抵達,SIN,長榮航空,1,直達航班。,Non-stop,4 小時 55 分鐘,No,Boeing 777,1,BR 215,經濟艙,6143,5739,6225.0,66181.14,40,80
2025-03-19,星期三,下午2:10,下午班機,TPE,下午6:55,晚間抵達,SIN,新加坡航空,1,直達航班。,Non-stop,4 小時 45 分鐘,No,Boeing 787,1,SQ 877,經濟艙,9591,8137,8538.0,5346353.36,91,78
2025-03-19,星期三,下午4:05,下午班機,TPE,晚上8:55,晚間抵達,SIN,新加坡航空,1,直達航班。,Non-stop,4 小時 50 分鐘,No,Airbus A350,1,SQ 881,經濟艙,9521,8143,9127.0,2016946.61,32,78
2025-03-19,星期三,下午4:10,下午班機,TPE,晚上8:55,晚間抵達,SIN,酷航,4,直達航班。,Non-stop,4 小時 45 分鐘,No,Boeing 787,1,TR 899,經濟艙,5254,3798,4998.0,1355457.97,91,80
2025-03-19,星期三,下午5:35,下午班機,TPE,晚上10:20,晚間抵達,SIN,新加坡航空,1,直達航班。,Non-stop,4 小時 45 分鐘,No,Boeing 787,1,SQ 879,經濟艙,9528,8138,8536.0,3216354.02,90,78
2025-03-19,星期三,凌晨12:20,凌晨班機,TPE,清晨5:05,凌晨抵達,SIN,酷航,4,直達航班。,Non-stop,4 小時 45 分鐘,No,Airbus A321neo,0,TR 875,經濟艙,3128,2399,2898.0,137197.85,56,80
2025-03-19,星期三,凌晨1:30,凌晨班機,TPE,清晨6:15,早晨抵達,SIN,酷航,4,直達航班。,Non-stop,4 小時 45 分鐘,No,Boeing 787,1,TR 897,經濟艙,3028,2399,2898.0,223227.88,37,80
2025-03-19,星期三,晚上7:55,晚間班機,TPE,"凌晨12:40 (星期四, 3月 20)",凌晨抵達,SIN,中華航空,2,直達航班。,Non-stop,4 小時 45 分鐘,No,Airbus A330,1,CI 755,經濟艙,5570,5219,5502.0,52764.66,85,80
2025-03-19,星期三,清晨7:25,早晨班機,TPE,中午12:05,下午抵達,SIN,長榮航空,1,直達航班。,Non-stop,4 小時 40 分鐘,No,Boeing 777,1,BR 225,經濟艙,6143,5739,6225.0,66181.14,40,80
2025-03-20,星期四,上午8:20,早晨班機,TPE,下午1:05,下午抵達,SIN,中華航空,2,直達航班。,Non-stop,4 小時 45 分鐘,No,Airbus A350,1,CI 753,經濟艙,5875,5552,5836.0,60422.14,86,79
2025-03-20,星期四,上午8:25,早晨班機,TPE,下午1:25,下午抵達,SIN,星宇航空,0,直達航班。,Non-stop,5 小時,No,Airbus A321neo,0,JX 771,經濟艙,5944,5384,5771.0,271375.49,30,53
2025-03-20,星期四,上午9:35,上午班機,TPE,下午2:30,下午抵達,SIN,長榮航空,1,直達航班。,Non-stop,4 小時 55 分鐘,No,Boeing 777,1,BR 215,經濟艙,6902,5859,6915.0,328406.61,33,79
2025-03-20,星期四,下午2:10,下午班機,TPE,下午6:55,晚間抵達,SIN,新加坡航空,1,直達航班。,Non-stop,4 小時 45 分鐘,No,Boeing 787,1,SQ 877,經濟艙,13487,9122,13851.0,6226243.46,91,67
2025-03-20,星期四,下午4:10,下午班機,TPE,晚上8:55,晚間抵達,SIN,酷航,4,直達航班。,Non-stop,4 小時 45 分鐘,No,Boeing 787,1,TR 899,經濟艙,4907,4398,4998.0,271085.49,91,79
2025-03-20,星期四,下午5:35,下午班機,TPE,晚上10:20,晚間抵達,SIN,新加坡航空,1,直達航班。,Non-stop,4 小時 45 分鐘,No,Boeing 787,1,SQ 879,經濟艙,12375,9126,11003.0,4962040.26,70,67
2025-03-20,星期四,凌晨1:30,凌晨班機,TPE,清晨6:15,早晨抵達,SIN,酷航,4,直達航班。,Non-stop,4 小時 45 分鐘,No,Boeing 787,1,TR 897,經濟艙,4194,3298,4398.0,88831.55,30,79
2025-03-20,星期四,晚上10:20,晚間班機,TPE,"凌晨3:05 (星期五, 3月 21)",凌晨抵達,SIN,酷航,4,直達航班。,Non-stop,4 小時 45 分鐘,No,Boeing 787,1,TR 893,經濟艙,4064,3298,4398.0,132278.48,30,79
2025-03-20,星期四,晚上7:55,晚間班機,TPE,"凌晨12:40 (星期五, 3月 21)",凌晨抵達,SIN,中華航空,2,直達航班。,Non-stop,4 小時 45 分鐘,No,Airbus A330,1,CI 755,經濟艙,5942,5473,5790.0,664183.41,30,79
2025-03-20,星期四,清晨7:25,早晨班機,TPE,中午12:05,下午抵達,SIN,長榮航空,1,直達航班。,Non-stop,4 小時 40 分鐘,No,Boeing 777,1,BR 225,經濟艙,6148,5739,6225.0,104367.67,41,79
2025-03-21,星期五,上午8:20,早晨班機,TPE,下午1:05,下午抵達,SIN,中華航空,2,直達航班。,Non-stop,4 小時 45 分鐘,No,Airbus A350,1,CI 753,經濟艙,6640,5552,6473.5,560604.54,87,78
2025-03-21,星期五,上午8:25,早晨班機,TPE,下午1:25,下午抵達,SIN,星宇航空,0,直達航班。,Non-stop,5 小時,No,Airbus A321neo,0,JX 771,經濟艙,6123,5714,5773.0,289430.98,56,53
2025-03-21,星期五,上午9:35,上午班機,TPE,下午2:30,下午抵達,SIN,長榮航空,1,直達航班。,Non-stop,4 小時 55 分鐘,No,Boeing 777,1,BR 215,經濟艙,9208,5833,7698.0,7814232.98,86,78
2025-03-21,星期五,下午2:10,下午班機,TPE,下午6:55,晚間抵達,SIN,新加坡航空,1,直達航班。,Non-stop,4 小時 45 分鐘,No,Boeing 787,1,SQ 877,經濟艙,14374,9123,15818.0,24348552.62,91,63
2025-03-21,星期五,下午4:05,下午班機,TPE,晚上8:55,晚間抵達,SIN,新加坡航空,1,直達航班。,Non-stop,4 小時 50 分鐘,No,Airbus A350,1,SQ 881,經濟艙,15816,9123,15819.0,42169812.87,91,67
2025-03-21,星期五,下午4:10,下午班機,TPE,晚上8:55,晚間抵達,SIN,酷航,4,直達航班。,Non-stop,4 小時 45 分鐘,No,Boeing 787,1,TR 899,經濟艙,6777,4998,6438.0,3109817.88,90,76
2025-03-21,星期五,下午5:35,下午班機,TPE,晚上10:20,晚間抵達,SIN,新加坡航空,1,直達航班。,Non-stop,4 小時 45 分鐘,No,Boeing 787,1,SQ 879,經濟艙,15841,9123,15817.0,52768676.51,91,76
2025-03-21,星期五,凌晨12:20,凌晨班機,TPE,凌晨4:55,凌晨抵達,SIN,酷航,4,直達航班。,Non-stop,4 小時 35 分鐘,No,Airbus A321neo,0,TR 875,經濟艙,4483,3798,4398.0,148524.01,50,78
2025-03-21,星期五,晚上7:55,晚間班機,TPE,"凌晨12:40 (星期六, 3月 22)",凌晨抵達,SIN,中華航空,2,直達航班。,Non-stop,4 小時 45 分鐘,No,Airbus A330,1,CI 755,經濟艙,11282,6721,11239.0,3898614.97,88,78
2025-03-21,星期五,清晨7:25,早晨班機,TPE,中午12:05,下午抵達,SIN,長榮航空,1,直達航班。,Non-stop,4 小時 40 分鐘,No,Boeing 777,1,BR 225,經濟艙,7309,5829,6226.0,4547744.44,87,78
