出發日期,出發時間,出發機場代號,抵達時間,抵達機場代號,航空公司,停靠站數量,停留時間,飛行時間,是否過夜,機型,航班代碼,艙等,價格
2025-03-05 Wednesday,中午12:50,TPE,下午4:50,NRT,國泰航空,直達航班。,Non-stop,3 小時,No,Boeing 777,CX 450,商務艙,$598
2025-03-05 Wednesday,下午1:25,TPE,下午5:30,NRT,日本航空,直達航班。,Non-stop,3 小時 5 分鐘,No,Boeing 767,JL 8664,商務艙,$697
2025-03-05 Wednesday,上午9:30,TPE,下午1:30,NRT,中華航空,直達航班。,Non-stop,3 小時,No,Airbus A330,CI 100,商務艙,$759
2025-03-05 Wednesday,上午8:30,TPE,中午12:30,NRT,星宇航空,直達航班。,Non-stop,3 小時,No,Airbus A350,JX 800,商務艙,$761
2025-03-05 Wednesday,上午8:50,TPE,中午12:55,NRT,長榮航空,直達航班。,Non-stop,3 小時 5 分鐘,No,Boeing 787-10,BR 198,商務艙,$771
2025-03-05 Wednesday,下午2:35,TPE,下午6:40,NRT,中華航空,直達航班。,Non-stop,3 小時 5 分鐘,No,Airbus A321neo,CI 108,商務艙,$711
2025-03-05 Wednesday,下午4:25,TPE,晚上8:25,NRT,中華航空,直達航班。,Non-stop,3 小時,No,Airbus A321neo,CI 106,商務艙,$711
2025-03-05 Wednesday,中午12:35,TPE,下午4:35,NRT,中華航空,直達航班。,Non-stop,3 小時,No,Airbus A321neo,CI 104,商務艙,$759
2025-03-05 Wednesday,下午3:00,TPE,晚上7:00,NRT,星宇航空,直達航班。,Non-stop,3 小時,No,Airbus A321neo,JX 804,商務艙,$761
2025-03-05 Wednesday,下午6:25,TSA,晚上10:15,HND,中華航空,直達航班。,Non-stop,2 小時 50 分鐘,No,Airbus A330,CI 222,商務艙,$769
2025-03-05 Wednesday,清晨7:55,TPE,中午12:00,NRT,長榮航空,直達航班。,Non-stop,3 小時 5 分鐘,No,Boeing 787-10,BR 184,商務艙,$771
2025-03-05 Wednesday,下午3:20,TPE,晚上7:20,NRT,長榮航空,直達航班。,Non-stop,3 小時,No,Boeing 787-10,BR 196,商務艙,$771
2025-03-05 Wednesday,清晨7:15,TSA,上午11:05,HND,長榮航空,直達航班。,Non-stop,2 小時 50 分鐘,No,Boeing 787-10,BR 192,商務艙,$798
2025-03-05 Wednesday,下午4:30,TSA,晚上8:20,HND,長榮航空,直達航班。,Non-stop,2 小時 50 分鐘,No,Boeing 787-10,BR 190,商務艙,$798
2025-03-05 Wednesday,上午10:35,TPE,下午2:40,NRT,日本航空,直達航班。,Non-stop,3 小時 5 分鐘,No,Boeing 787,JL 802,商務艙,$903
2025-03-05 Wednesday,上午10:15,TPE,下午2:15,NRT,星宇航空,直達航班。,Non-stop,3 小時,No,Airbus A350,JX 802,商務艙,$993
2025-03-05 Wednesday,上午9:30,TSA,下午1:20,HND,日本航空,直達航班。,Non-stop,2 小時 50 分鐘,No,Boeing 787,JL 96,商務艙,$998
2025-03-05 Wednesday,下午3:35,TSA,晚上7:25,HND,日本航空,直達航班。,Non-stop,2 小時 50 分鐘,No,Boeing 787,JL 98,商務艙,$998
2025-03-05 Wednesday,上午9:00,TSA,中午12:50,HND,中華航空,直達航班。,Non-stop,2 小時 50 分鐘,No,Airbus A330,CI 220,商務艙,"$1,016"
2025-03-05 Wednesday,下午1:30,TSA,下午5:30,HND,全日空航空,直達航班。,Non-stop,3 小時,No,Boeing 787,NH 852,商務艙,"$1,025"
2025-03-05 Wednesday,下午4:50,TSA,晚上8:40,HND,全日空航空,直達航班。,Non-stop,2 小時 50 分鐘,No,Boeing 787,NH 854,商務艙,"$1,025"
出發日期,出發時間,出發機場代號,抵達時間,抵達機場代號,航空公司,停靠站數量,停留時間,飛行時間,是否過夜,機型,航班代碼,艙等,價格
2025-03-06 Thursday,中午12:50,TPE,下午4:50,NRT,國泰航空,直達航班。,Non-stop,3 小時,No,Boeing 777,CX 450,商務艙,$598
2025-03-06 Thursday,下午1:25,TPE,下午5:30,NRT,日本航空,直達航班。,Non-stop,3 小時 5 分鐘,No,Boeing 767,JL 8664,商務艙,$697
2025-03-06 Thursday,上午8:30,TPE,中午12:30,NRT,星宇航空,直達航班。,Non-stop,3 小時,No,Airbus A350,JX 800,商務艙,$761
2025-03-06 Thursday,下午2:35,TPE,下午6:40,NRT,中華航空,直達航班。,Non-stop,3 小時 5 分鐘,No,Airbus A330,CI 108,商務艙,$711
2025-03-06 Thursday,上午9:30,TPE,下午1:30,NRT,中華航空,直達航班。,Non-stop,3 小時,No,Airbus A330,CI 100,商務艙,$759
2025-03-06 Thursday,中午12:35,TPE,下午4:35,NRT,中華航空,直達航班。,Non-stop,3 小時,No,Airbus A350,CI 104,商務艙,$759
2025-03-06 Thursday,上午10:15,TPE,下午2:15,NRT,星宇航空,直達航班。,Non-stop,3 小時,No,Airbus A350,JX 802,商務艙,$761
2025-03-06 Thursday,下午3:00,TPE,晚上7:00,NRT,星宇航空,直達航班。,Non-stop,3 小時,No,Airbus A321neo,JX 804,商務艙,$761
2025-03-06 Thursday,下午6:25,TSA,晚上10:15,HND,中華航空,直達航班。,Non-stop,2 小時 50 分鐘,No,Airbus A330,CI 222,商務艙,$769
2025-03-06 Thursday,清晨7:55,TPE,中午12:00,NRT,長榮航空,直達航班。,Non-stop,3 小時 5 分鐘,No,Boeing 787-10,BR 184,商務艙,$771
2025-03-06 Thursday,上午8:50,TPE,中午12:55,NRT,長榮航空,直達航班。,Non-stop,3 小時 5 分鐘,No,Boeing 787-10,BR 198,商務艙,$771
2025-03-06 Thursday,下午3:20,TPE,晚上7:20,NRT,長榮航空,直達航班。,Non-stop,3 小時,No,Boeing 787-10,BR 196,商務艙,$771
2025-03-06 Thursday,下午4:30,TSA,晚上8:20,HND,長榮航空,直達航班。,Non-stop,2 小時 50 分鐘,No,Boeing 787-10,BR 190,商務艙,$798
2025-03-06 Thursday,上午10:35,TPE,下午2:40,NRT,日本航空,直達航班。,Non-stop,3 小時 5 分鐘,No,Boeing 787,JL 802,商務艙,$903
2025-03-06 Thursday,下午3:35,TSA,晚上7:25,HND,日本航空,直達航班。,Non-stop,2 小時 50 分鐘,No,Boeing 787,JL 98,商務艙,$998
2025-03-06 Thursday,下午1:30,TSA,下午5:30,HND,全日空航空,直達航班。,Non-stop,3 小時,No,Boeing 787,NH 852,商務艙,"$1,025"
2025-03-06 Thursday,下午4:50,TSA,晚上8:40,HND,全日空航空,直達航班。,Non-stop,2 小時 50 分鐘,No,Boeing 787,NH 854,商務艙,"$1,025"
出發日期,出發時間,出發機場代號,抵達時間,抵達機場代號,航空公司,停靠站數量,停留時間,飛行時間,是否過夜,機型,航班代碼,艙等,價格
2025-03-07 Friday,中午12:50,TPE,下午4:50,NRT,國泰航空,直達航班。,Non-stop,3 小時,No,Boeing 777,CX 450,商務艙,"$19,699"
2025-03-07 Friday,下午1:25,TPE,下午5:30,NRT,日本航空,直達航班。,Non-stop,3 小時 5 分鐘,No,Boeing 767,JL 8664,商務艙,"$22,947"
2025-03-07 Friday,上午9:30,TPE,下午1:30,NRT,中華航空,直達航班。,Non-stop,3 小時,No,Airbus A330,CI 100,商務艙,"$24,996"
2025-03-07 Friday,上午8:30,TPE,中午12:30,NRT,星宇航空,直達航班。,Non-stop,3 小時,No,Airbus A350,JX 800,商務艙,"$25,055"
2025-03-07 Friday,清晨7:55,TPE,中午12:00,NRT,長榮航空,直達航班。,Non-stop,3 小時 5 分鐘,No,Boeing 787-10,BR 184,商務艙,"$25,375"
2025-03-07 Friday,下午2:35,TPE,下午6:40,NRT,中華航空,直達航班。,Non-stop,3 小時 5 分鐘,No,Airbus A321neo,CI 108,商務艙,"$23,420"
2025-03-07 Friday,下午4:25,TPE,晚上8:25,NRT,中華航空,直達航班。,Non-stop,3 小時,No,Airbus A321neo,CI 106,商務艙,"$23,420"
2025-03-07 Friday,中午12:35,TPE,下午4:35,NRT,中華航空,直達航班。,Non-stop,3 小時,No,Airbus A321neo,CI 104,商務艙,"$24,996"
2025-03-07 Friday,上午10:15,TPE,下午2:15,NRT,星宇航空,直達航班。,Non-stop,3 小時,No,Airbus A350,JX 802,商務艙,"$25,055"
2025-03-07 Friday,下午6:25,TSA,晚上10:15,HND,中華航空,直達航班。,Non-stop,2 小時 50 分鐘,No,Airbus A330,CI 222,商務艙,"$25,312"
2025-03-07 Friday,上午8:50,TPE,中午12:55,NRT,長榮航空,直達航班。,Non-stop,3 小時 5 分鐘,No,Boeing 787-10,BR 198,商務艙,"$25,375"
2025-03-07 Friday,下午3:20,TPE,晚上7:20,NRT,長榮航空,直達航班。,Non-stop,3 小時,No,Boeing 787-10,BR 196,商務艙,"$25,375"
2025-03-07 Friday,下午4:30,TSA,晚上8:20,HND,長榮航空,直達航班。,Non-stop,2 小時 50 分鐘,No,Boeing 787-10,BR 190,商務艙,"$26,257"
2025-03-07 Friday,上午10:35,TPE,下午2:40,NRT,日本航空,直達航班。,Non-stop,3 小時 5 分鐘,No,Boeing 787,JL 802,商務艙,"$31,847"
2025-03-07 Friday,下午3:00,TPE,晚上7:00,NRT,星宇航空,直達航班。,Non-stop,3 小時,No,Airbus A321neo,JX 804,商務艙,"$32,684"
2025-03-07 Friday,上午9:30,TSA,下午1:20,HND,日本航空,直達航班。,Non-stop,2 小時 50 分鐘,No,Boeing 787,JL 96,商務艙,"$32,847"
2025-03-07 Friday,下午3:35,TSA,晚上7:25,HND,日本航空,直達航班。,Non-stop,2 小時 50 分鐘,No,Boeing 787,JL 98,商務艙,"$32,847"
2025-03-07 Friday,上午9:00,TSA,中午12:50,HND,中華航空,直達航班。,Non-stop,2 小時 50 分鐘,No,Airbus A330,CI 220,商務艙,"$33,445"
2025-03-07 Friday,下午4:50,TSA,晚上8:40,HND,全日空航空,直達航班。,Non-stop,2 小時 50 分鐘,No,Boeing 787,NH 854,商務艙,"$33,752"
2025-03-07 Friday,清晨7:15,TSA,上午11:05,HND,長榮航空,直達航班。,Non-stop,2 小時 50 分鐘,No,Boeing 787-10,BR 192,商務艙,"$43,258"
2025-03-07 Friday,下午1:30,TSA,下午5:30,HND,全日空航空,直達航班。,Non-stop,3 小時,No,Boeing 787,NH 852,商務艙,"$43,552"
出發日期,出發時間,出發機場代號,抵達時間,抵達機場代號,航空公司,停靠站數量,停留時間,飛行時間,是否過夜,機型,航班代碼,艙等,價格
2025-03-08 Saturday,中午12:50,TPE,下午4:50,NRT,國泰航空,直達航班。,Non-stop,3 小時,No,Boeing 777,CX 450,商務艙,"$19,699"
2025-03-08 Saturday,上午9:30,TPE,下午1:30,NRT,中華航空,直達航班。,Non-stop,3 小時,No,Boeing 777,CI 100,商務艙,"$24,996"
2025-03-08 Saturday,上午8:30,TPE,中午12:30,NRT,星宇航空,直達航班。,Non-stop,3 小時,No,Airbus A350,JX 800,商務艙,"$25,055"
2025-03-08 Saturday,清晨7:55,TPE,中午12:00,NRT,長榮航空,直達航班。,Non-stop,3 小時 5 分鐘,No,Boeing 787-10,BR 184,商務艙,"$25,375"
2025-03-08 Saturday,下午2:35,TPE,下午6:40,NRT,中華航空,直達航班。,Non-stop,3 小時 5 分鐘,No,Airbus A321neo,CI 108,商務艙,"$23,420"
2025-03-08 Saturday,中午12:35,TPE,下午4:35,NRT,中華航空,直達航班。,Non-stop,3 小時,No,Airbus A350,CI 104,商務艙,"$24,996"
2025-03-08 Saturday,上午10:15,TPE,下午2:15,NRT,星宇航空,直達航班。,Non-stop,3 小時,No,Airbus A350,JX 802,商務艙,"$25,055"
2025-03-08 Saturday,下午3:00,TPE,晚上7:00,NRT,星宇航空,直達航班。,Non-stop,3 小時,No,Airbus A321neo,JX 804,商務艙,"$25,055"
2025-03-08 Saturday,下午6:25,TSA,晚上10:15,HND,中華航空,直達航班。,Non-stop,2 小時 50 分鐘,No,Airbus A330,CI 222,商務艙,"$25,312"
2025-03-08 Saturday,上午8:50,TPE,中午12:55,NRT,長榮航空,直達航班。,Non-stop,3 小時 5 分鐘,No,Boeing 787-10,BR 198,商務艙,"$25,375"
2025-03-08 Saturday,下午3:20,TPE,晚上7:20,NRT,長榮航空,直達航班。,Non-stop,3 小時,No,Boeing 787-10,BR 196,商務艙,"$25,375"
2025-03-08 Saturday,下午4:30,TSA,晚上8:20,HND,長榮航空,直達航班。,Non-stop,2 小時 50 分鐘,No,Boeing 787-10,BR 190,商務艙,"$26,257"
2025-03-08 Saturday,上午10:35,TPE,下午2:40,NRT,日本航空,直達航班。,Non-stop,3 小時 5 分鐘,No,Boeing 787,JL 802,商務艙,"$29,725"
2025-03-08 Saturday,下午1:25,TPE,下午5:30,NRT,日本航空,直達航班。,Non-stop,3 小時 5 分鐘,No,Boeing 767,JL 8664,商務艙,"$31,847"
2025-03-08 Saturday,上午9:30,TSA,下午1:20,HND,日本航空,直達航班。,Non-stop,2 小時 50 分鐘,No,Boeing 787,JL 96,商務艙,"$32,847"
2025-03-08 Saturday,下午3:35,TSA,晚上7:25,HND,日本航空,直達航班。,Non-stop,2 小時 50 分鐘,No,Boeing 787,JL 98,商務艙,"$32,847"
2025-03-08 Saturday,上午9:00,TSA,中午12:50,HND,中華航空,直達航班。,Non-stop,2 小時 50 分鐘,No,Airbus A330,CI 220,商務艙,"$33,445"
2025-03-08 Saturday,下午1:30,TSA,下午5:30,HND,全日空航空,直達航班。,Non-stop,3 小時,No,Boeing 787,NH 852,商務艙,"$33,752"
2025-03-08 Saturday,下午4:50,TSA,晚上8:40,HND,全日空航空,直達航班。,Non-stop,2 小時 50 分鐘,No,Boeing 787,NH 854,商務艙,"$33,752"
2025-03-08 Saturday,清晨7:15,TSA,上午11:05,HND,長榮航空,直達航班。,Non-stop,2 小時 50 分鐘,No,Boeing 787-10,BR 192,商務艙,"$43,258"
出發日期,出發時間,出發機場代號,抵達時間,抵達機場代號,航空公司,停靠站數量,停留時間,飛行時間,是否過夜,機型,航班代碼,艙等,價格
2025-03-09 Sunday,中午12:50,TPE,下午4:50,NRT,國泰航空,直達航班。,Non-stop,3 小時,No,Boeing 777,CX 450,商務艙,"$19,699"
2025-03-09 Sunday,下午2:35,TPE,下午6:40,NRT,中華航空,直達航班。,Non-stop,3 小時 5 分鐘,No,Airbus A321neo,CI 108,商務艙,"$23,420"
2025-03-09 Sunday,上午8:30,TPE,中午12:30,NRT,星宇航空,直達航班。,Non-stop,3 小時,No,Airbus A350,JX 800,商務艙,"$25,055"
2025-03-09 Sunday,下午4:25,TPE,晚上8:25,NRT,中華航空,直達航班。,Non-stop,3 小時,No,Airbus A321neo,CI 106,商務艙,"$23,420"
2025-03-09 Sunday,上午9:30,TPE,下午1:30,NRT,中華航空,直達航班。,Non-stop,3 小時,No,Airbus A330,CI 100,商務艙,"$24,996"
2025-03-09 Sunday,中午12:35,TPE,下午4:35,NRT,中華航空,直達航班。,Non-stop,3 小時,No,Airbus A330,CI 104,商務艙,"$24,996"
2025-03-09 Sunday,上午10:15,TPE,下午2:15,NRT,星宇航空,直達航班。,Non-stop,3 小時,No,Airbus A350,JX 802,商務艙,"$25,055"
2025-03-09 Sunday,下午6:25,TSA,晚上10:15,HND,中華航空,直達航班。,Non-stop,2 小時 50 分鐘,No,Airbus A330,CI 222,商務艙,"$25,312"
2025-03-09 Sunday,清晨7:55,TPE,中午12:00,NRT,長榮航空,直達航班。,Non-stop,3 小時 5 分鐘,No,Boeing 787-10,BR 184,商務艙,"$25,375"
2025-03-09 Sunday,上午8:50,TPE,中午12:55,NRT,長榮航空,直達航班。,Non-stop,3 小時 5 分鐘,No,Boeing 787-10,BR 198,商務艙,"$25,375"
2025-03-09 Sunday,下午3:20,TPE,晚上7:20,NRT,長榮航空,直達航班。,Non-stop,3 小時,No,Boeing 787-10,BR 196,商務艙,"$25,375"
2025-03-09 Sunday,清晨7:15,TSA,上午11:05,HND,長榮航空,直達航班。,Non-stop,2 小時 50 分鐘,No,Boeing 787-10,BR 192,商務艙,"$26,257"
2025-03-09 Sunday,上午10:35,TPE,下午2:40,NRT,日本航空,直達航班。,Non-stop,3 小時 5 分鐘,No,Boeing 787,JL 802,商務艙,"$31,847"
2025-03-09 Sunday,下午3:00,TPE,晚上7:00,NRT,星宇航空,直達航班。,Non-stop,3 小時,No,Airbus A321neo,JX 804,商務艙,"$32,684"
2025-03-09 Sunday,上午9:30,TSA,下午1:20,HND,日本航空,直達航班。,Non-stop,2 小時 50 分鐘,No,Boeing 787,JL 96,商務艙,"$32,847"
2025-03-09 Sunday,下午3:35,TSA,晚上7:25,HND,日本航空,直達航班。,Non-stop,2 小時 50 分鐘,No,Boeing 787,JL 98,商務艙,"$32,847"
2025-03-09 Sunday,上午9:00,TSA,中午12:50,HND,中華航空,直達航班。,Non-stop,2 小時 50 分鐘,No,Airbus A330,CI 220,商務艙,"$33,445"
2025-03-09 Sunday,下午1:30,TSA,下午5:30,HND,全日空航空,直達航班。,Non-stop,3 小時,No,Boeing 787,NH 852,商務艙,"$33,752"
2025-03-09 Sunday,下午4:50,TSA,晚上8:40,HND,全日空航空,直達航班。,Non-stop,2 小時 50 分鐘,No,Boeing 787,NH 854,商務艙,"$33,752"
2025-03-09 Sunday,下午4:30,TSA,晚上8:20,HND,長榮航空,直達航班。,Non-stop,2 小時 50 分鐘,No,Boeing 787-10,BR 190,商務艙,"$43,258"
出發日期,出發時間,出發機場代號,抵達時間,抵達機場代號,航空公司,停靠站數量,停留時間,飛行時間,是否過夜,機型,航班代碼,艙等,價格
2025-03-10 Monday,中午12:50,TPE,下午4:50,NRT,國泰航空,直達航班。,Non-stop,3 小時,No,Boeing 777,CX 450,商務艙,"$19,698"
2025-03-10 Monday,上午9:30,TPE,下午1:30,NRT,中華航空,直達航班。,Non-stop,3 小時,No,Airbus A330,CI 100,商務艙,"$24,995"
2025-03-10 Monday,上午8:30,TPE,中午12:30,NRT,星宇航空,直達航班。,Non-stop,3 小時,No,Airbus A350,JX 800,商務艙,"$25,055"
2025-03-10 Monday,清晨7:55,TPE,中午12:00,NRT,長榮航空,直達航班。,Non-stop,3 小時 5 分鐘,No,Boeing 787-10,BR 184,商務艙,"$25,374"
2025-03-10 Monday,下午2:35,TPE,下午6:40,NRT,中華航空,直達航班。,Non-stop,3 小時 5 分鐘,No,Airbus A321neo,CI 108,商務艙,"$23,419"
2025-03-10 Monday,中午12:35,TPE,下午4:35,NRT,中華航空,直達航班。,Non-stop,3 小時,No,Airbus A321neo,CI 104,商務艙,"$24,995"
2025-03-10 Monday,上午10:15,TPE,下午2:15,NRT,星宇航空,直達航班。,Non-stop,3 小時,No,Airbus A350,JX 802,商務艙,"$25,055"
2025-03-10 Monday,下午3:00,TPE,晚上7:00,NRT,星宇航空,直達航班。,Non-stop,3 小時,No,Airbus A321neo,JX 804,商務艙,"$25,055"
2025-03-10 Monday,下午6:25,TSA,晚上10:15,HND,中華航空,直達航班。,Non-stop,2 小時 50 分鐘,No,Airbus A330,CI 222,商務艙,"$25,311"
2025-03-10 Monday,上午8:50,TPE,中午12:55,NRT,長榮航空,直達航班。,Non-stop,3 小時 5 分鐘,No,Boeing 787-10,BR 198,商務艙,"$25,374"
2025-03-10 Monday,下午3:20,TPE,晚上7:20,NRT,長榮航空,直達航班。,Non-stop,3 小時,No,Boeing 787-10,BR 196,商務艙,"$25,374"
2025-03-10 Monday,上午10:35,TPE,下午2:40,NRT,日本航空,直達航班。,Non-stop,3 小時 5 分鐘,No,Boeing 787,JL 802,商務艙,"$29,724"
2025-03-10 Monday,上午9:30,TSA,下午1:20,HND,日本航空,直達航班。,Non-stop,2 小時 50 分鐘,No,Boeing 787,JL 96,商務艙,"$32,846"
2025-03-10 Monday,下午3:35,TSA,晚上7:25,HND,日本航空,直達航班。,Non-stop,2 小時 50 分鐘,No,Boeing 787,JL 98,商務艙,"$32,846"
2025-03-10 Monday,下午4:30,TSA,晚上8:20,HND,長榮航空,直達航班。,Non-stop,2 小時 50 分鐘,No,Boeing 787-10,BR 190,商務艙,"$33,444"
2025-03-10 Monday,下午1:30,TSA,下午5:30,HND,全日空航空,直達航班。,Non-stop,3 小時,No,Boeing 787,NH 852,商務艙,"$33,752"
2025-03-10 Monday,下午4:50,TSA,晚上8:40,HND,全日空航空,直達航班。,Non-stop,2 小時 50 分鐘,No,Boeing 787,NH 854,商務艙,"$33,752"
出發日期,出發時間,出發機場代號,抵達時間,抵達機場代號,航空公司,停靠站數量,停留時間,飛行時間,是否過夜,機型,航班代碼,艙等,價格
2025-03-11 Tuesday,中午12:50,TPE,下午4:50,NRT,國泰航空,直達航班。,Non-stop,3 小時,No,Boeing 777,CX 450,商務艙,"$19,698"
2025-03-11 Tuesday,下午1:25,TPE,下午5:30,NRT,日本航空,直達航班。,Non-stop,3 小時 5 分鐘,No,Boeing 767,JL 8664,商務艙,"$22,946"
2025-03-11 Tuesday,上午9:30,TPE,下午1:30,NRT,中華航空,直達航班。,Non-stop,3 小時,No,Airbus A350,CI 100,商務艙,"$24,995"
2025-03-11 Tuesday,上午8:30,TPE,中午12:30,NRT,星宇航空,直達航班。,Non-stop,3 小時,No,Airbus A350,JX 800,商務艙,"$25,055"
2025-03-11 Tuesday,清晨7:15,TSA,上午11:05,HND,長榮航空,直達航班。,Non-stop,2 小時 50 分鐘,No,Boeing 787-10,BR 192,商務艙,"$26,256"
2025-03-11 Tuesday,下午2:35,TPE,下午6:40,NRT,中華航空,直達航班。,Non-stop,3 小時 5 分鐘,No,Airbus A330,CI 108,商務艙,"$23,419"
2025-03-11 Tuesday,中午12:35,TPE,下午4:35,NRT,中華航空,直達航班。,Non-stop,3 小時,No,Airbus A350,CI 104,商務艙,"$24,995"
2025-03-11 Tuesday,上午10:15,TPE,下午2:15,NRT,星宇航空,直達航班。,Non-stop,3 小時,No,Airbus A350,JX 802,商務艙,"$25,055"
2025-03-11 Tuesday,下午3:00,TPE,晚上7:00,NRT,星宇航空,直達航班。,Non-stop,3 小時,No,Airbus A321neo,JX 804,商務艙,"$25,055"
2025-03-11 Tuesday,下午6:25,TSA,晚上10:15,HND,中華航空,直達航班。,Non-stop,2 小時 50 分鐘,No,Airbus A330,CI 222,商務艙,"$25,311"
2025-03-11 Tuesday,清晨7:55,TPE,中午12:00,NRT,長榮航空,直達航班。,Non-stop,3 小時 5 分鐘,No,Boeing 787-10,BR 184,商務艙,"$25,374"
2025-03-11 Tuesday,上午8:50,TPE,中午12:55,NRT,長榮航空,直達航班。,Non-stop,3 小時 5 分鐘,No,Boeing 787-10,BR 198,商務艙,"$25,374"
2025-03-11 Tuesday,下午3:20,TPE,晚上7:20,NRT,長榮航空,直達航班。,Non-stop,3 小時,No,Boeing 787-10,BR 196,商務艙,"$25,374"
2025-03-11 Tuesday,下午4:30,TSA,晚上8:20,HND,長榮航空,直達航班。,Non-stop,2 小時 50 分鐘,No,Boeing 787-10,BR 190,商務艙,"$26,256"
2025-03-11 Tuesday,上午10:35,TPE,下午2:40,NRT,日本航空,直達航班。,Non-stop,3 小時 5 分鐘,No,Boeing 787,JL 802,商務艙,"$29,724"
2025-03-11 Tuesday,上午9:30,TSA,下午1:20,HND,日本航空,直達航班。,Non-stop,2 小時 50 分鐘,No,Boeing 787,JL 96,商務艙,"$32,846"
2025-03-11 Tuesday,下午3:35,TSA,晚上7:25,HND,日本航空,直達航班。,Non-stop,2 小時 50 分鐘,No,Boeing 787,JL 98,商務艙,"$32,846"
2025-03-11 Tuesday,下午1:30,TSA,下午5:30,HND,全日空航空,直達航班。,Non-stop,3 小時,No,Boeing 787,NH 852,商務艙,"$33,752"
2025-03-11 Tuesday,下午4:50,TSA,晚上8:40,HND,全日空航空,直達航班。,Non-stop,2 小時 50 分鐘,No,Boeing 787,NH 854,商務艙,"$33,752"
2025-03-11 Tuesday,上午9:00,TSA,中午12:50,HND,中華航空,直達航班。,Non-stop,2 小時 50 分鐘,No,Airbus A330,CI 220,商務艙,"$41,388"
出發日期,出發時間,出發機場代號,抵達時間,抵達機場代號,航空公司,停靠站數量,停留時間,飛行時間,是否過夜,機型,航班代碼,艙等,價格
2025-03-12 Wednesday,中午12:50,TPE,下午4:50,NRT,國泰航空,直達航班。,Non-stop,3 小時,No,Boeing 777,CX 450,商務艙,"$19,698"
2025-03-12 Wednesday,下午1:25,TPE,下午5:30,NRT,日本航空,直達航班。,Non-stop,3 小時 5 分鐘,No,Boeing 767,JL 8664,商務艙,"$22,946"
2025-03-12 Wednesday,上午9:30,TPE,下午1:30,NRT,中華航空,直達航班。,Non-stop,3 小時,No,Airbus A330,CI 100,商務艙,"$24,995"
2025-03-12 Wednesday,上午8:30,TPE,中午12:30,NRT,星宇航空,直達航班。,Non-stop,3 小時,No,Airbus A350,JX 800,商務艙,"$25,055"
2025-03-12 Wednesday,清晨7:15,TSA,上午11:05,HND,長榮航空,直達航班。,Non-stop,2 小時 50 分鐘,No,Boeing 787-10,BR 192,商務艙,"$26,256"
2025-03-12 Wednesday,下午2:35,TPE,下午6:40,NRT,中華航空,直達航班。,Non-stop,3 小時 5 分鐘,No,Airbus A321neo,CI 108,商務艙,"$23,419"
2025-03-12 Wednesday,中午12:35,TPE,下午4:35,NRT,中華航空,直達航班。,Non-stop,3 小時,No,Airbus A321neo,CI 104,商務艙,"$24,995"
2025-03-12 Wednesday,上午10:15,TPE,下午2:15,NRT,星宇航空,直達航班。,Non-stop,3 小時,No,Airbus A350,JX 802,商務艙,"$25,055"
2025-03-12 Wednesday,下午3:35,TPE,晚上7:35,NRT,星宇航空,直達航班。,Non-stop,3 小時,No,Airbus A330-900neo,JX 804,商務艙,"$25,055"
2025-03-12 Wednesday,下午6:25,TSA,晚上10:15,HND,中華航空,直達航班。,Non-stop,2 小時 50 分鐘,No,Airbus A330,CI 222,商務艙,"$25,311"
2025-03-12 Wednesday,清晨7:55,TPE,中午12:00,NRT,長榮航空,直達航班。,Non-stop,3 小時 5 分鐘,No,Boeing 787-10,BR 184,商務艙,"$25,374"
2025-03-12 Wednesday,上午8:50,TPE,中午12:55,NRT,長榮航空,直達航班。,Non-stop,3 小時 5 分鐘,No,Boeing 787-10,BR 198,商務艙,"$25,374"
2025-03-12 Wednesday,下午3:20,TPE,晚上7:20,NRT,長榮航空,直達航班。,Non-stop,3 小時,No,Boeing 787-10,BR 196,商務艙,"$25,374"
2025-03-12 Wednesday,上午9:00,TSA,中午12:50,HND,中華航空,直達航班。,Non-stop,2 小時 50 分鐘,No,Airbus A330,CI 220,商務艙,"$25,941"
2025-03-12 Wednesday,下午4:30,TSA,晚上8:20,HND,長榮航空,直達航班。,Non-stop,2 小時 50 分鐘,No,Boeing 787-10,BR 190,商務艙,"$26,256"
2025-03-12 Wednesday,上午10:35,TPE,下午2:40,NRT,日本航空,直達航班。,Non-stop,3 小時 5 分鐘,No,Boeing 787,JL 802,商務艙,"$29,724"
2025-03-12 Wednesday,下午3:35,TSA,晚上7:25,HND,日本航空,直達航班。,Non-stop,2 小時 50 分鐘,No,Boeing 787,JL 98,商務艙,"$32,846"
2025-03-12 Wednesday,下午1:30,TSA,下午5:30,HND,全日空航空,直達航班。,Non-stop,3 小時,No,Boeing 787,NH 852,商務艙,"$33,752"
2025-03-12 Wednesday,下午4:50,TSA,晚上8:40,HND,全日空航空,直達航班。,Non-stop,2 小時 50 分鐘,No,Boeing 787,NH 854,商務艙,"$33,752"
2025-03-12 Wednesday,上午9:30,TSA,下午1:20,HND,日本航空,直達航班。,Non-stop,2 小時 50 分鐘,No,Boeing 787,JL 96,商務艙,"$41,946"
出發日期,出發時間,出發機場代號,抵達時間,抵達機場代號,航空公司,停靠站數量,停留時間,飛行時間,是否過夜,機型,航班代碼,艙等,價格
2025-03-13 Thursday,中午12:50,TPE,下午4:50,NRT,國泰航空,直達航班。,Non-stop,3 小時,No,Boeing 777,CX 450,商務艙,"$19,698"
2025-03-13 Thursday,下午1:25,TPE,下午5:30,NRT,日本航空,直達航班。,Non-stop,3 小時 5 分鐘,No,Boeing 767,JL 8664,商務艙,"$22,946"
2025-03-13 Thursday,上午9:30,TPE,下午1:30,NRT,中華航空,直達航班。,Non-stop,3 小時,No,Airbus A330,CI 100,商務艙,"$24,995"
2025-03-13 Thursday,上午8:30,TPE,中午12:30,NRT,星宇航空,直達航班。,Non-stop,3 小時,No,Airbus A350,JX 800,商務艙,"$25,055"
2025-03-13 Thursday,清晨7:15,TSA,上午11:05,HND,長榮航空,直達航班。,Non-stop,2 小時 50 分鐘,No,Boeing 787-10,BR 192,商務艙,"$26,256"
2025-03-13 Thursday,下午2:35,TPE,下午6:40,NRT,中華航空,直達航班。,Non-stop,3 小時 5 分鐘,No,Airbus A330,CI 108,商務艙,"$23,419"
2025-03-13 Thursday,中午12:35,TPE,下午4:35,NRT,中華航空,直達航班。,Non-stop,3 小時,No,Airbus A350,CI 104,商務艙,"$24,995"
2025-03-13 Thursday,上午10:15,TPE,下午2:15,NRT,星宇航空,直達航班。,Non-stop,3 小時,No,Airbus A350,JX 802,商務艙,"$25,055"
2025-03-13 Thursday,下午3:00,TPE,晚上7:00,NRT,星宇航空,直達航班。,Non-stop,3 小時,No,Airbus A321neo,JX 804,商務艙,"$25,055"
2025-03-13 Thursday,下午6:25,TSA,晚上10:15,HND,中華航空,直達航班。,Non-stop,2 小時 50 分鐘,No,Airbus A330,CI 222,商務艙,"$25,311"
2025-03-13 Thursday,清晨7:55,TPE,中午12:00,NRT,長榮航空,直達航班。,Non-stop,3 小時 5 分鐘,No,Boeing 787-10,BR 184,商務艙,"$25,374"
2025-03-13 Thursday,上午8:50,TPE,中午12:55,NRT,長榮航空,直達航班。,Non-stop,3 小時 5 分鐘,No,Boeing 787-10,BR 198,商務艙,"$25,374"
2025-03-13 Thursday,下午3:20,TPE,晚上7:20,NRT,長榮航空,直達航班。,Non-stop,3 小時,No,Boeing 787-10,BR 196,商務艙,"$25,374"
2025-03-13 Thursday,下午4:30,TSA,晚上8:20,HND,長榮航空,直達航班。,Non-stop,2 小時 50 分鐘,No,Boeing 787-10,BR 190,商務艙,"$26,256"
2025-03-13 Thursday,上午10:35,TPE,下午2:40,NRT,日本航空,直達航班。,Non-stop,3 小時 5 分鐘,No,Boeing 787,JL 802,商務艙,"$29,724"
2025-03-13 Thursday,上午9:30,TSA,下午1:20,HND,日本航空,直達航班。,Non-stop,2 小時 50 分鐘,No,Boeing 787,JL 96,商務艙,"$32,846"
2025-03-13 Thursday,下午3:35,TSA,晚上7:25,HND,日本航空,直達航班。,Non-stop,2 小時 50 分鐘,No,Boeing 787,JL 98,商務艙,"$32,846"
2025-03-13 Thursday,上午9:00,TSA,中午12:50,HND,中華航空,直達航班。,Non-stop,2 小時 50 分鐘,No,Airbus A330,CI 220,商務艙,"$33,444"
2025-03-13 Thursday,下午1:30,TSA,下午5:30,HND,全日空航空,直達航班。,Non-stop,3 小時,No,Boeing 787,NH 852,商務艙,"$33,752"
2025-03-13 Thursday,下午4:50,TSA,晚上8:40,HND,全日空航空,直達航班。,Non-stop,2 小時 50 分鐘,No,Boeing 787,NH 854,商務艙,"$33,752"
出發日期,出發時間,出發機場代號,抵達時間,抵達機場代號,航空公司,停靠站數量,停留時間,飛行時間,是否過夜,機型,航班代碼,艙等,價格
2025-03-14 Friday,中午12:50,TPE,下午4:50,NRT,國泰航空,直達航班。,Non-stop,3 小時,No,Boeing 777,CX 450,商務艙,"$19,698"
2025-03-14 Friday,下午1:25,TPE,下午5:30,NRT,日本航空,直達航班。,Non-stop,3 小時 5 分鐘,No,Boeing 767,JL 8664,商務艙,"$22,946"
2025-03-14 Friday,上午9:30,TPE,下午1:30,NRT,中華航空,直達航班。,Non-stop,3 小時,No,Airbus A330,CI 100,商務艙,"$24,995"
2025-03-14 Friday,上午8:30,TPE,中午12:30,NRT,星宇航空,直達航班。,Non-stop,3 小時,No,Airbus A350,JX 800,商務艙,"$25,055"
2025-03-14 Friday,清晨7:55,TPE,中午12:00,NRT,長榮航空,直達航班。,Non-stop,3 小時 5 分鐘,No,Boeing 787-10,BR 184,商務艙,"$25,374"
2025-03-14 Friday,下午2:35,TPE,下午6:40,NRT,中華航空,直達航班。,Non-stop,3 小時 5 分鐘,No,Airbus A321neo,CI 108,商務艙,"$23,419"
2025-03-14 Friday,下午4:25,TPE,晚上8:25,NRT,中華航空,直達航班。,Non-stop,3 小時,No,Airbus A321neo,CI 106,商務艙,"$23,419"
2025-03-14 Friday,中午12:35,TPE,下午4:35,NRT,中華航空,直達航班。,Non-stop,3 小時,No,Airbus A321neo,CI 104,商務艙,"$24,995"
2025-03-14 Friday,上午10:15,TPE,下午2:15,NRT,星宇航空,直達航班。,Non-stop,3 小時,No,Airbus A350,JX 802,商務艙,"$25,055"
2025-03-14 Friday,下午3:35,TPE,晚上7:35,NRT,星宇航空,直達航班。,Non-stop,3 小時,No,Airbus A330-900neo,JX 804,商務艙,"$25,055"
2025-03-14 Friday,下午6:25,TSA,晚上10:15,HND,中華航空,直達航班。,Non-stop,2 小時 50 分鐘,No,Airbus A330,CI 222,商務艙,"$25,311"
2025-03-14 Friday,上午8:50,TPE,中午12:55,NRT,長榮航空,直達航班。,Non-stop,3 小時 5 分鐘,No,Boeing 787-10,BR 198,商務艙,"$25,374"
2025-03-14 Friday,下午3:20,TPE,晚上7:20,NRT,長榮航空,直達航班。,Non-stop,3 小時,No,Boeing 787-10,BR 196,商務艙,"$25,374"
2025-03-14 Friday,下午4:30,TSA,晚上8:20,HND,長榮航空,直達航班。,Non-stop,2 小時 50 分鐘,No,Boeing 787-10,BR 190,商務艙,"$26,256"
2025-03-14 Friday,上午10:35,TPE,下午2:40,NRT,日本航空,直達航班。,Non-stop,3 小時 5 分鐘,No,Boeing 787,JL 802,商務艙,"$29,724"
2025-03-14 Friday,下午3:35,TSA,晚上7:25,HND,日本航空,直達航班。,Non-stop,2 小時 50 分鐘,No,Boeing 787,JL 98,商務艙,"$32,846"
2025-03-14 Friday,上午9:00,TSA,中午12:50,HND,中華航空,直達航班。,Non-stop,2 小時 50 分鐘,No,Airbus A330,CI 220,商務艙,"$33,444"
2025-03-14 Friday,下午1:30,TSA,下午5:30,HND,全日空航空,直達航班。,Non-stop,3 小時,No,Boeing 787,NH 852,商務艙,"$33,752"
2025-03-14 Friday,下午4:50,TSA,晚上8:40,HND,全日空航空,直達航班。,Non-stop,2 小時 50 分鐘,No,Boeing 787,NH 854,商務艙,"$33,752"
出發日期,出發時間,出發機場代號,抵達時間,抵達機場代號,航空公司,停靠站數量,停留時間,飛行時間,是否過夜,機型,航班代碼,艙等,價格
2025-03-15 Saturday,中午12:50,TPE,下午4:50,NRT,國泰航空,直達航班。,Non-stop,3 小時,No,Boeing 777,CX 450,商務艙,"$19,698"
2025-03-15 Saturday,下午1:25,TPE,下午5:30,NRT,日本航空,直達航班。,Non-stop,3 小時 5 分鐘,No,Boeing 767,JL 8664,商務艙,"$22,946"
2025-03-15 Saturday,上午9:30,TPE,下午1:30,NRT,中華航空,直達航班。,Non-stop,3 小時,No,Boeing 777,CI 100,商務艙,"$24,995"
2025-03-15 Saturday,上午8:30,TPE,中午12:30,NRT,星宇航空,直達航班。,Non-stop,3 小時,No,Airbus A350,JX 800,商務艙,"$25,055"
2025-03-15 Saturday,清晨7:55,TPE,中午12:00,NRT,長榮航空,直達航班。,Non-stop,3 小時 5 分鐘,No,Boeing 787-10,BR 184,商務艙,"$25,374"
2025-03-15 Saturday,下午2:35,TPE,下午6:40,NRT,中華航空,直達航班。,Non-stop,3 小時 5 分鐘,No,Airbus A321neo,CI 108,商務艙,"$23,419"
2025-03-15 Saturday,中午12:35,TPE,下午4:35,NRT,中華航空,直達航班。,Non-stop,3 小時,No,Airbus A350,CI 104,商務艙,"$24,995"
2025-03-15 Saturday,上午10:15,TPE,下午2:15,NRT,星宇航空,直達航班。,Non-stop,3 小時,No,Airbus A350,JX 802,商務艙,"$25,055"
2025-03-15 Saturday,下午3:00,TPE,晚上7:00,NRT,星宇航空,直達航班。,Non-stop,3 小時,No,Airbus A321neo,JX 804,商務艙,"$25,055"
2025-03-15 Saturday,下午6:25,TSA,晚上10:15,HND,中華航空,直達航班。,Non-stop,2 小時 50 分鐘,No,Airbus A330,CI 222,商務艙,"$25,311"
2025-03-15 Saturday,上午8:50,TPE,中午12:55,NRT,長榮航空,直達航班。,Non-stop,3 小時 5 分鐘,No,Boeing 787-10,BR 198,商務艙,"$25,374"
2025-03-15 Saturday,下午3:20,TPE,晚上7:20,NRT,長榮航空,直達航班。,Non-stop,3 小時,No,Boeing 787-10,BR 196,商務艙,"$25,374"
2025-03-15 Saturday,上午9:00,TSA,中午12:50,HND,中華航空,直達航班。,Non-stop,2 小時 50 分鐘,No,Airbus A330,CI 220,商務艙,"$25,941"
2025-03-15 Saturday,下午4:30,TSA,晚上8:20,HND,長榮航空,直達航班。,Non-stop,2 小時 50 分鐘,No,Boeing 787-10,BR 190,商務艙,"$26,256"
2025-03-15 Saturday,上午10:35,TPE,下午2:40,NRT,日本航空,直達航班。,Non-stop,3 小時 5 分鐘,No,Boeing 787,JL 802,商務艙,"$31,846"
2025-03-15 Saturday,上午9:30,TSA,下午1:20,HND,日本航空,直達航班。,Non-stop,2 小時 50 分鐘,No,Boeing 787,JL 96,商務艙,"$32,846"
2025-03-15 Saturday,下午3:35,TSA,晚上7:25,HND,日本航空,直達航班。,Non-stop,2 小時 50 分鐘,No,Boeing 787,JL 98,商務艙,"$32,846"
2025-03-15 Saturday,下午1:30,TSA,下午5:30,HND,全日空航空,直達航班。,Non-stop,3 小時,No,Boeing 787,NH 852,商務艙,"$33,752"
2025-03-15 Saturday,下午4:50,TSA,晚上8:40,HND,全日空航空,直達航班。,Non-stop,2 小時 50 分鐘,No,Boeing 787,NH 854,商務艙,"$33,752"
2025-03-15 Saturday,清晨7:15,TSA,上午11:05,HND,長榮航空,直達航班。,Non-stop,2 小時 50 分鐘,No,Boeing 787-10,BR 192,商務艙,"$43,257"
出發日期,出發時間,出發機場代號,抵達時間,抵達機場代號,航空公司,停靠站數量,停留時間,飛行時間,是否過夜,機型,航班代碼,艙等,價格
2025-03-16 Sunday,中午12:50,TPE,下午4:50,NRT,國泰航空,直達航班。,Non-stop,3 小時,No,Boeing 777,CX 450,商務艙,"$19,698"
2025-03-16 Sunday,下午1:25,TPE,下午5:30,NRT,日本航空,直達航班。,Non-stop,3 小時 5 分鐘,No,Boeing 767,JL 8664,商務艙,"$22,946"
2025-03-16 Sunday,下午2:35,TPE,下午6:40,NRT,中華航空,直達航班。,Non-stop,3 小時 5 分鐘,No,Airbus A321neo,CI 108,商務艙,"$23,419"
2025-03-16 Sunday,下午3:00,TPE,晚上7:00,NRT,星宇航空,直達航班。,Non-stop,3 小時,No,Airbus A330-900neo,JX 804,商務艙,"$25,055"
2025-03-16 Sunday,上午8:50,TPE,中午12:55,NRT,長榮航空,直達航班。,Non-stop,3 小時 5 分鐘,No,Boeing 787-10,BR 198,商務艙,"$25,374"
2025-03-16 Sunday,下午4:25,TPE,晚上8:25,NRT,中華航空,直達航班。,Non-stop,3 小時,No,Airbus A321neo,CI 106,商務艙,"$23,419"
2025-03-16 Sunday,上午9:30,TPE,下午1:30,NRT,中華航空,直達航班。,Non-stop,3 小時,No,Airbus A330,CI 100,商務艙,"$24,995"
2025-03-16 Sunday,中午12:35,TPE,下午4:35,NRT,中華航空,直達航班。,Non-stop,3 小時,No,Airbus A330,CI 104,商務艙,"$24,995"
2025-03-16 Sunday,下午6:25,TSA,晚上10:15,HND,中華航空,直達航班。,Non-stop,2 小時 50 分鐘,No,Airbus A330,CI 222,商務艙,"$25,311"
2025-03-16 Sunday,清晨7:55,TPE,中午12:00,NRT,長榮航空,直達航班。,Non-stop,3 小時 5 分鐘,No,Boeing 787-10,BR 184,商務艙,"$25,374"
2025-03-16 Sunday,下午3:20,TPE,晚上7:20,NRT,長榮航空,直達航班。,Non-stop,3 小時,No,Boeing 787-10,BR 196,商務艙,"$25,374"
2025-03-16 Sunday,清晨7:15,TSA,上午11:05,HND,長榮航空,直達航班。,Non-stop,2 小時 50 分鐘,No,Boeing 787-10,BR 192,商務艙,"$26,256"
2025-03-16 Sunday,上午10:35,TPE,下午2:40,NRT,日本航空,直達航班。,Non-stop,3 小時 5 分鐘,No,Boeing 787,JL 802,商務艙,"$31,846"
2025-03-16 Sunday,上午8:30,TPE,中午12:30,NRT,星宇航空,直達航班。,Non-stop,3 小時,No,Airbus A350,JX 800,商務艙,"$32,684"
2025-03-16 Sunday,上午10:15,TPE,下午2:15,NRT,星宇航空,直達航班。,Non-stop,3 小時,No,Airbus A350,JX 802,商務艙,"$32,684"
2025-03-16 Sunday,上午9:30,TSA,下午1:20,HND,日本航空,直達航班。,Non-stop,2 小時 50 分鐘,No,Boeing 787,JL 96,商務艙,"$32,846"
2025-03-16 Sunday,下午3:35,TSA,晚上7:25,HND,日本航空,直達航班。,Non-stop,2 小時 50 分鐘,No,Boeing 787,JL 98,商務艙,"$32,846"
2025-03-16 Sunday,上午9:00,TSA,中午12:50,HND,中華航空,直達航班。,Non-stop,2 小時 50 分鐘,No,Airbus A330,CI 220,商務艙,"$33,444"
2025-03-16 Sunday,下午4:30,TSA,晚上8:20,HND,長榮航空,直達航班。,Non-stop,2 小時 50 分鐘,No,Boeing 787-10,BR 190,商務艙,"$33,444"
2025-03-16 Sunday,下午1:30,TSA,下午5:30,HND,全日空航空,直達航班。,Non-stop,3 小時,No,Boeing 787,NH 852,商務艙,"$33,752"
2025-03-16 Sunday,下午4:50,TSA,晚上8:40,HND,全日空航空,直達航班。,Non-stop,2 小時 50 分鐘,No,Boeing 787,NH 854,商務艙,"$33,752"
出發日期,出發時間,出發機場代號,抵達時間,抵達機場代號,航空公司,停靠站數量,停留時間,飛行時間,是否過夜,機型,航班代碼,艙等,價格
2025-03-17 Monday,中午12:50,TPE,下午4:50,NRT,國泰航空,直達航班。,Non-stop,3 小時,No,Boeing 777,CX 450,商務艙,"$19,698"
2025-03-17 Monday,下午1:25,TPE,下午5:30,NRT,日本航空,直達航班。,Non-stop,3 小時 5 分鐘,No,Boeing 767,JL 8664,商務艙,"$22,946"
2025-03-17 Monday,上午9:30,TPE,下午1:30,NRT,中華航空,直達航班。,Non-stop,3 小時,No,Airbus A330,CI 100,商務艙,"$24,995"
2025-03-17 Monday,上午8:30,TPE,中午12:30,NRT,星宇航空,直達航班。,Non-stop,3 小時,No,Airbus A350,JX 800,商務艙,"$25,055"
2025-03-17 Monday,清晨7:55,TPE,中午12:00,NRT,長榮航空,直達航班。,Non-stop,3 小時 5 分鐘,No,Boeing 787-10,BR 184,商務艙,"$25,374"
2025-03-17 Monday,下午2:35,TPE,下午6:40,NRT,中華航空,直達航班。,Non-stop,3 小時 5 分鐘,No,Airbus A321neo,CI 108,商務艙,"$23,419"
2025-03-17 Monday,上午10:15,TPE,下午2:15,NRT,星宇航空,直達航班。,Non-stop,3 小時,No,Airbus A350,JX 802,商務艙,"$25,055"
2025-03-17 Monday,下午3:35,TPE,晚上7:35,NRT,星宇航空,直達航班。,Non-stop,3 小時,No,Airbus A330-900neo,JX 804,商務艙,"$25,055"
2025-03-17 Monday,下午6:25,TSA,晚上10:15,HND,中華航空,直達航班。,Non-stop,2 小時 50 分鐘,No,Airbus A330,CI 222,商務艙,"$25,311"
2025-03-17 Monday,上午8:50,TPE,中午12:55,NRT,長榮航空,直達航班。,Non-stop,3 小時 5 分鐘,No,Boeing 787-10,BR 198,商務艙,"$25,374"
2025-03-17 Monday,下午3:20,TPE,晚上7:20,NRT,長榮航空,直達航班。,Non-stop,3 小時,No,Boeing 787-10,BR 196,商務艙,"$25,374"
2025-03-17 Monday,上午9:00,TSA,中午12:50,HND,中華航空,直達航班。,Non-stop,2 小時 50 分鐘,No,Airbus A330,CI 220,商務艙,"$25,941"
2025-03-17 Monday,下午4:30,TSA,晚上8:20,HND,長榮航空,直達航班。,Non-stop,2 小時 50 分鐘,No,Boeing 787-10,BR 190,商務艙,"$26,256"
2025-03-17 Monday,上午10:35,TPE,下午2:40,NRT,日本航空,直達航班。,Non-stop,3 小時 5 分鐘,No,Boeing 787,JL 802,商務艙,"$29,724"
2025-03-17 Monday,中午12:35,TPE,下午4:35,NRT,中華航空,直達航班。,Non-stop,3 小時,No,Airbus A321neo,CI 104,商務艙,"$32,624"
2025-03-17 Monday,下午1:30,TSA,下午5:30,HND,全日空航空,直達航班。,Non-stop,3 小時,No,Boeing 787,NH 852,商務艙,"$33,752"
2025-03-17 Monday,下午4:50,TSA,晚上8:40,HND,全日空航空,直達航班。,Non-stop,2 小時 50 分鐘,No,Boeing 787,NH 854,商務艙,"$33,752"
2025-03-17 Monday,下午3:35,TSA,晚上7:25,HND,日本航空,直達航班。,Non-stop,2 小時 50 分鐘,No,Boeing 787,JL 98,商務艙,"$41,946"
出發日期,出發時間,出發機場代號,抵達時間,抵達機場代號,航空公司,停靠站數量,停留時間,飛行時間,是否過夜,機型,航班代碼,艙等,價格
2025-03-18 Tuesday,中午12:50,TPE,下午4:50,NRT,國泰航空,直達航班。,Non-stop,3 小時,No,Boeing 777,CX 450,商務艙,"$19,698"
2025-03-18 Tuesday,下午1:25,TPE,下午5:30,NRT,日本航空,直達航班。,Non-stop,3 小時 5 分鐘,No,Boeing 767,JL 8664,商務艙,"$22,946"
2025-03-18 Tuesday,上午9:30,TPE,下午1:30,NRT,中華航空,直達航班。,Non-stop,3 小時,No,Airbus A350,CI 100,商務艙,"$24,995"
2025-03-18 Tuesday,上午8:30,TPE,中午12:30,NRT,星宇航空,直達航班。,Non-stop,3 小時,No,Airbus A350,JX 800,商務艙,"$25,055"
2025-03-18 Tuesday,清晨7:55,TPE,中午12:00,NRT,長榮航空,直達航班。,Non-stop,3 小時 5 分鐘,No,Boeing 787-10,BR 184,商務艙,"$25,374"
2025-03-18 Tuesday,下午2:35,TPE,下午6:40,NRT,中華航空,直達航班。,Non-stop,3 小時 5 分鐘,No,Airbus A330,CI 108,商務艙,"$23,419"
2025-03-18 Tuesday,中午12:35,TPE,下午4:35,NRT,中華航空,直達航班。,Non-stop,3 小時,No,Boeing 777,CI 104,商務艙,"$24,995"
2025-03-18 Tuesday,上午10:15,TPE,下午2:15,NRT,星宇航空,直達航班。,Non-stop,3 小時,No,Airbus A350,JX 802,商務艙,"$25,055"
2025-03-18 Tuesday,下午3:35,TPE,晚上7:35,NRT,星宇航空,直達航班。,Non-stop,3 小時,No,Airbus A330-900neo,JX 804,商務艙,"$25,055"
2025-03-18 Tuesday,下午6:25,TSA,晚上10:15,HND,中華航空,直達航班。,Non-stop,2 小時 50 分鐘,No,Airbus A330,CI 222,商務艙,"$25,311"
2025-03-18 Tuesday,上午8:50,TPE,中午12:55,NRT,長榮航空,直達航班。,Non-stop,3 小時 5 分鐘,No,Boeing 787-10,BR 198,商務艙,"$25,374"
2025-03-18 Tuesday,下午3:20,TPE,晚上7:20,NRT,長榮航空,直達航班。,Non-stop,3 小時,No,Boeing 787-10,BR 196,商務艙,"$25,374"
2025-03-18 Tuesday,上午9:00,TSA,中午12:50,HND,中華航空,直達航班。,Non-stop,2 小時 50 分鐘,No,Airbus A330,CI 220,商務艙,"$25,941"
2025-03-18 Tuesday,下午4:30,TSA,晚上8:20,HND,長榮航空,直達航班。,Non-stop,2 小時 50 分鐘,No,Boeing 787-10,BR 190,商務艙,"$26,256"
2025-03-18 Tuesday,上午10:35,TPE,下午2:40,NRT,日本航空,直達航班。,Non-stop,3 小時 5 分鐘,No,Boeing 787,JL 802,商務艙,"$29,724"
2025-03-18 Tuesday,上午9:30,TSA,下午1:20,HND,日本航空,直達航班。,Non-stop,2 小時 50 分鐘,No,Boeing 787,JL 96,商務艙,"$32,846"
2025-03-18 Tuesday,下午3:35,TSA,晚上7:25,HND,日本航空,直達航班。,Non-stop,2 小時 50 分鐘,No,Boeing 787,JL 98,商務艙,"$32,846"
2025-03-18 Tuesday,下午1:30,TSA,下午5:30,HND,全日空航空,直達航班。,Non-stop,3 小時,No,Boeing 787,NH 852,商務艙,"$33,752"
2025-03-18 Tuesday,下午4:50,TSA,晚上8:40,HND,全日空航空,直達航班。,Non-stop,2 小時 50 分鐘,No,Boeing 787,NH 854,商務艙,"$33,752"
2025-03-18 Tuesday,清晨7:15,TSA,上午11:05,HND,長榮航空,直達航班。,Non-stop,2 小時 50 分鐘,No,Boeing 787-10,BR 192,商務艙,"$43,257"
出發日期,出發時間,出發機場代號,抵達時間,抵達機場代號,航空公司,停靠站數量,停留時間,飛行時間,是否過夜,機型,航班代碼,艙等,價格
2025-03-19 Wednesday,中午12:50,TPE,下午4:50,NRT,國泰航空,直達航班。,Non-stop,3 小時,No,Boeing 777,CX 450,商務艙,"$19,698"
2025-03-19 Wednesday,下午1:25,TPE,下午5:30,NRT,日本航空,直達航班。,Non-stop,3 小時 5 分鐘,No,Boeing 767,JL 8664,商務艙,"$22,946"
2025-03-19 Wednesday,上午9:30,TPE,下午1:30,NRT,中華航空,直達航班。,Non-stop,3 小時,No,Airbus A330,CI 100,商務艙,"$24,995"
2025-03-19 Wednesday,上午8:30,TPE,中午12:30,NRT,星宇航空,直達航班。,Non-stop,3 小時,No,Airbus A350,JX 800,商務艙,"$25,055"
2025-03-19 Wednesday,清晨7:15,TSA,上午11:05,HND,長榮航空,直達航班。,Non-stop,2 小時 50 分鐘,No,Boeing 787-10,BR 192,商務艙,"$26,256"
2025-03-19 Wednesday,下午2:35,TPE,下午6:40,NRT,中華航空,直達航班。,Non-stop,3 小時 5 分鐘,No,Airbus A321neo,CI 108,商務艙,"$23,419"
2025-03-19 Wednesday,下午4:25,TPE,晚上8:25,NRT,中華航空,直達航班。,Non-stop,3 小時,No,Airbus A321neo,CI 106,商務艙,"$23,419"
2025-03-19 Wednesday,中午12:35,TPE,下午4:35,NRT,中華航空,直達航班。,Non-stop,3 小時,No,Airbus A321neo,CI 104,商務艙,"$24,995"
2025-03-19 Wednesday,上午10:15,TPE,下午2:15,NRT,星宇航空,直達航班。,Non-stop,3 小時,No,Airbus A350,JX 802,商務艙,"$25,055"
2025-03-19 Wednesday,下午3:35,TPE,晚上7:35,NRT,星宇航空,直達航班。,Non-stop,3 小時,No,Airbus A330-900neo,JX 804,商務艙,"$25,055"
2025-03-19 Wednesday,下午6:25,TSA,晚上10:15,HND,中華航空,直達航班。,Non-stop,2 小時 50 分鐘,No,Airbus A330,CI 222,商務艙,"$25,311"
2025-03-19 Wednesday,清晨7:55,TPE,中午12:00,NRT,長榮航空,直達航班。,Non-stop,3 小時 5 分鐘,No,Boeing 787-10,BR 184,商務艙,"$25,374"
2025-03-19 Wednesday,上午8:50,TPE,中午12:55,NRT,長榮航空,直達航班。,Non-stop,3 小時 5 分鐘,No,Boeing 787-10,BR 198,商務艙,"$25,374"
2025-03-19 Wednesday,下午3:20,TPE,晚上7:20,NRT,長榮航空,直達航班。,Non-stop,3 小時,No,Boeing 787-10,BR 196,商務艙,"$25,374"
2025-03-19 Wednesday,上午9:00,TSA,中午12:50,HND,中華航空,直達航班。,Non-stop,2 小時 50 分鐘,No,Airbus A330,CI 220,商務艙,"$25,941"
2025-03-19 Wednesday,下午4:30,TSA,晚上8:20,HND,長榮航空,直達航班。,Non-stop,2 小時 50 分鐘,No,Boeing 787-10,BR 190,商務艙,"$26,256"
2025-03-19 Wednesday,上午10:35,TPE,下午2:40,NRT,日本航空,直達航班。,Non-stop,3 小時 5 分鐘,No,Boeing 787,JL 802,商務艙,"$31,846"
2025-03-19 Wednesday,下午1:30,TSA,下午5:30,HND,全日空航空,直達航班。,Non-stop,3 小時,No,Boeing 787,NH 852,商務艙,"$33,752"
2025-03-19 Wednesday,下午4:50,TSA,晚上8:40,HND,全日空航空,直達航班。,Non-stop,2 小時 50 分鐘,No,Boeing 787,NH 854,商務艙,"$33,752"
2025-03-19 Wednesday,上午9:30,TSA,下午1:20,HND,日本航空,直達航班。,Non-stop,2 小時 50 分鐘,No,Boeing 787,JL 96,商務艙,"$41,577"
2025-03-19 Wednesday,下午3:35,TSA,晚上7:25,HND,日本航空,直達航班。,Non-stop,2 小時 50 分鐘,No,Boeing 787,JL 98,商務艙,"$41,946"
出發日期,出發時間,出發機場代號,抵達時間,抵達機場代號,航空公司,停靠站數量,停留時間,飛行時間,是否過夜,機型,航班代碼,艙等,價格
2025-03-20 Thursday,中午12:50,TPE,下午4:50,NRT,國泰航空,直達航班。,Non-stop,3 小時,No,Boeing 777,CX 450,商務艙,"$19,698"
2025-03-20 Thursday,上午9:30,TPE,下午1:30,NRT,中華航空,直達航班。,Non-stop,3 小時,No,Airbus A330,CI 100,商務艙,"$24,995"
2025-03-20 Thursday,上午8:30,TPE,中午12:30,NRT,星宇航空,直達航班。,Non-stop,3 小時,No,Airbus A350,JX 800,商務艙,"$25,055"
2025-03-20 Thursday,清晨7:55,TPE,中午12:00,NRT,長榮航空,直達航班。,Non-stop,3 小時 5 分鐘,No,Boeing 787-10,BR 184,商務艙,"$25,374"
2025-03-20 Thursday,下午2:35,TPE,下午6:40,NRT,中華航空,直達航班。,Non-stop,3 小時 5 分鐘,No,Airbus A330,CI 108,商務艙,"$23,419"
2025-03-20 Thursday,中午12:35,TPE,下午4:35,NRT,中華航空,直達航班。,Non-stop,3 小時,No,Airbus A350,CI 104,商務艙,"$24,995"
2025-03-20 Thursday,上午10:15,TPE,下午2:15,NRT,星宇航空,直達航班。,Non-stop,3 小時,No,Airbus A350,JX 802,商務艙,"$25,055"
2025-03-20 Thursday,下午3:35,TPE,晚上7:35,NRT,星宇航空,直達航班。,Non-stop,3 小時,No,Airbus A330-900neo,JX 804,商務艙,"$25,055"
2025-03-20 Thursday,下午6:25,TSA,晚上10:15,HND,中華航空,直達航班。,Non-stop,2 小時 50 分鐘,No,Airbus A330,CI 222,商務艙,"$25,311"
2025-03-20 Thursday,上午8:50,TPE,中午12:55,NRT,長榮航空,直達航班。,Non-stop,3 小時 5 分鐘,No,Boeing 787-10,BR 198,商務艙,"$25,374"
2025-03-20 Thursday,下午3:20,TPE,晚上7:20,NRT,長榮航空,直達航班。,Non-stop,3 小時,No,Boeing 787-10,BR 196,商務艙,"$25,374"
2025-03-20 Thursday,上午10:35,TPE,下午2:40,NRT,日本航空,直達航班。,Non-stop,3 小時 5 分鐘,No,Boeing 787,JL 802,商務艙,"$29,724"
2025-03-20 Thursday,上午9:30,TSA,下午1:20,HND,日本航空,直達航班。,Non-stop,2 小時 50 分鐘,No,Boeing 787,JL 96,商務艙,"$32,846"
2025-03-20 Thursday,下午4:30,TSA,晚上8:20,HND,長榮航空,直達航班。,Non-stop,2 小時 50 分鐘,No,Boeing 787-10,BR 190,商務艙,"$33,444"
2025-03-20 Thursday,下午1:30,TSA,下午5:30,HND,全日空航空,直達航班。,Non-stop,3 小時,No,Boeing 787,NH 852,商務艙,"$33,752"
2025-03-20 Thursday,下午4:50,TSA,晚上8:40,HND,全日空航空,直達航班。,Non-stop,2 小時 50 分鐘,No,Boeing 787,NH 854,商務艙,"$33,752"
2025-03-20 Thursday,上午9:00,TSA,中午12:50,HND,中華航空,直達航班。,Non-stop,2 小時 50 分鐘,No,Airbus A330,CI 220,商務艙,"$41,388"
2025-03-20 Thursday,下午3:35,TSA,晚上7:25,HND,日本航空,直達航班。,Non-stop,2 小時 50 分鐘,No,Boeing 787,JL 98,商務艙,"$41,946"
2025-03-20 Thursday,清晨7:15,TSA,上午11:05,HND,長榮航空,直達航班。,Non-stop,2 小時 50 分鐘,No,Boeing 787-10,BR 192,商務艙,"$43,257"
出發日期,出發時間,出發機場代號,抵達時間,抵達機場代號,航空公司,停靠站數量,停留時間,飛行時間,是否過夜,機型,航班代碼,艙等,價格
2025-03-21 Friday,中午12:50,TPE,下午4:50,NRT,國泰航空,直達航班。,Non-stop,3 小時,No,Boeing 777,CX 450,商務艙,"$19,698"
2025-03-21 Friday,下午1:25,TPE,下午5:30,NRT,日本航空,直達航班。,Non-stop,3 小時 5 分鐘,No,Boeing 787,JL 8664,商務艙,"$22,946"
2025-03-21 Friday,上午9:30,TPE,下午1:30,NRT,中華航空,直達航班。,Non-stop,3 小時,No,Airbus A330,CI 100,商務艙,"$24,995"
2025-03-21 Friday,上午8:30,TPE,中午12:30,NRT,星宇航空,直達航班。,Non-stop,3 小時,No,Airbus A350,JX 800,商務艙,"$25,055"
2025-03-21 Friday,清晨7:15,TSA,上午11:05,HND,長榮航空,直達航班。,Non-stop,2 小時 50 分鐘,No,Boeing 787-10,BR 192,商務艙,"$26,256"
2025-03-21 Friday,下午2:35,TPE,下午6:40,NRT,中華航空,直達航班。,Non-stop,3 小時 5 分鐘,No,Airbus A321neo,CI 108,商務艙,"$23,419"
2025-03-21 Friday,下午4:25,TPE,晚上8:25,NRT,中華航空,直達航班。,Non-stop,3 小時,No,Airbus A321neo,CI 106,商務艙,"$23,419"
2025-03-21 Friday,中午12:35,TPE,下午4:35,NRT,中華航空,直達航班。,Non-stop,3 小時,No,Airbus A321neo,CI 104,商務艙,"$24,995"
2025-03-21 Friday,上午10:15,TPE,下午2:15,NRT,星宇航空,直達航班。,Non-stop,3 小時,No,Airbus A350,JX 802,商務艙,"$25,055"
2025-03-21 Friday,下午3:35,TPE,晚上7:35,NRT,星宇航空,直達航班。,Non-stop,3 小時,No,Airbus A330-900neo,JX 804,商務艙,"$25,055"
2025-03-21 Friday,清晨7:55,TPE,中午12:00,NRT,長榮航空,直達航班。,Non-stop,3 小時 5 分鐘,No,Boeing 787-10,BR 184,商務艙,"$25,374"
2025-03-21 Friday,上午8:50,TPE,中午12:55,NRT,長榮航空,直達航班。,Non-stop,3 小時 5 分鐘,No,Boeing 787-10,BR 198,商務艙,"$25,374"
2025-03-21 Friday,下午3:20,TPE,晚上7:20,NRT,長榮航空,直達航班。,Non-stop,3 小時,No,Boeing 787-10,BR 196,商務艙,"$25,374"
2025-03-21 Friday,上午10:35,TPE,下午2:40,NRT,日本航空,直達航班。,Non-stop,3 小時 5 分鐘,No,Boeing 787,JL 802,商務艙,"$29,724"
2025-03-21 Friday,上午9:30,TSA,下午1:20,HND,日本航空,直達航班。,Non-stop,2 小時 50 分鐘,No,Boeing 787,JL 96,商務艙,"$32,846"
2025-03-21 Friday,下午3:35,TSA,晚上7:25,HND,日本航空,直達航班。,Non-stop,2 小時 50 分鐘,No,Boeing 787,JL 98,商務艙,"$32,846"
2025-03-21 Friday,下午6:25,TSA,晚上10:15,HND,中華航空,直達航班。,Non-stop,2 小時 50 分鐘,No,Airbus A330,CI 222,商務艙,"$32,940"
2025-03-21 Friday,上午9:00,TSA,中午12:50,HND,中華航空,直達航班。,Non-stop,2 小時 50 分鐘,No,Airbus A330,CI 220,商務艙,"$33,444"
2025-03-21 Friday,下午4:30,TSA,晚上8:20,HND,長榮航空,直達航班。,Non-stop,2 小時 50 分鐘,No,Boeing 787-10,BR 190,商務艙,"$33,444"
2025-03-21 Friday,下午1:30,TSA,下午5:30,HND,全日空航空,直達航班。,Non-stop,3 小時,No,Boeing 787,NH 852,商務艙,"$33,752"
2025-03-21 Friday,下午4:50,TSA,晚上8:40,HND,全日空航空,直達航班。,Non-stop,2 小時 50 分鐘,No,Boeing 787,NH 854,商務艙,"$33,752"
